;;;;Hide:;Area:;LEAP Sweden 2026 07 08 CGH;Ver:;2

;Branch Path;Variable;Scenario;Region;Units;Per...;Method;2022;2023;2024;2025;2026;2027;2028;2029;2030;2031;2032;2033;2034;2035;2036;2037;2038;2039;2040;2041;2042;2043;2044;2045;2046;2047;2048;2049;2050;2051;2052;2053;2054;2055;2056;2057;2058;2059;2060
x;Koldioxidbudgetar;IPCC GWP Values;Lokal miljöhänsyn;Sverige;procent;;Interp;0;0;0;0;0;0;0;0;0;0;0;0;0;0;0;0;0;0;0;0;0;0;0;0;0;0;0;0;0;0;0;0;0;0;0;0;0;0;0
;Key\Befolkning\Befolkning;Activity Level;Lokal miljöhänsyn;Sverige;;;Interp;10508391.25;10564457;10575392;10602310;10625739;10649168;10672597;10696026;10719455;10748284;10777112;10805941;10834770;10863599;10892427;10921256;10950085;10978913;11007742;11042355;11076967;11111580;11146192;11180805;11215417;11250030;11284642;11319255;11353867;11379702;11405536;11431371;11457206;11483041;11508875;11534710;11560545;11586379;11612214
;Key\Energiomvandlingsanläggningar\Insatta bränslen för elproduktion\Biobränslen;Activity Level;Lokal miljöhänsyn;Sverige;TWh;;Interp;13.614000000000001;15.2;15.6;16;16;16;16;16;16;15.8;15.6;15.4;15.2;15;15.2;15.4;15.6;15.8;16;16;16;16;16;16;16;16;16;16;16;16;16;16;16;16;16;16;16;16;16
;Key\Energiomvandlingsanläggningar\Insatta bränslen för elproduktion\Avfall förnybart;Activity Level;Lokal miljöhänsyn;Sverige;TWh;;Interp;3.7189999999999999;1.5999999999999999;1.5;1.4;1.44;1.48;1.52;1.56;1.6;1.6;1.6;1.6;1.6;1.6;1.62;1.6400000000000001;1.66;1.68;1.7;1.7;1.7;1.7;1.7;1.7;1.7;1.7;1.7;1.7;1.7;1.7;1.7;1.7;1.7;1.7;1.7;1.7;1.7;1.7;1.7
;Key\Energiomvandlingsanläggningar\Insatta bränslen för elproduktion\Avfall fossilt;Activity Level;Lokal miljöhänsyn;Sverige;TWh;;Interp;0.35099999999999998;1.46;1.38;1.3;1.34;1.3800000000000001;1.42;1.46;1.5;1.5;1.5;1.5;1.5;1.5;1.5;1.5;1.5;1.5;1.5;1.52;1.54;1.56;1.58;1.6;1.58;1.56;1.54;1.52;1.5;1.5;1.5;1.5;1.5;1.5;1.5;1.5;1.5;1.5;1.5
;Key\Energiomvandlingsanläggningar\Insatta bränslen för elproduktion\Torv;Activity Level;Lokal miljöhänsyn;Sverige;TWh;;Interp;7.4999999999999997E-2;8.2100000000000006E-2;7.8399999999999997E-2;7.4899999999999994E-2;7.4899999999999994E-2;7.4899999999999994E-2;7.4899999999999994E-2;7.4899999999999994E-2;7.4899999999999994E-2;7.4899999999999994E-2;7.4899999999999994E-2;7.4899999999999994E-2;7.4899999999999994E-2;7.4899999999999994E-2;7.4899999999999994E-2;7.4899999999999994E-2;7.4899999999999994E-2;7.4899999999999994E-2;7.4899999999999994E-2;7.4899999999999994E-2;7.4899999999999994E-2;7.4899999999999994E-2;7.4899999999999994E-2;7.4899999999999994E-2;7.4899999999999994E-2;7.4899999999999994E-2;7.4899999999999994E-2;7.4899999999999994E-2;7.4899999999999994E-2;7.4899999999999994E-2;7.4899999999999994E-2;7.4899999999999994E-2;7.4899999999999994E-2;7.4899999999999994E-2;7.4899999999999994E-2;7.4899999999999994E-2;7.4899999999999994E-2;7.4899999999999994E-2;7.4899999999999994E-2
;Key\Energiomvandlingsanläggningar\Insatta bränslen för elproduktion\Naturgas;Activity Level;Lokal miljöhänsyn;Sverige;TWh;;Interp;0.108;0.22755;0.221025;0.2145;0.20935999999999999;0.20421999999999998;0.19908000000000001;0.19394;0.1888;0.1817;0.17460000000000001;0.16749999999999998;0.16039999999999999;0.15329999999999999;0.15329999999999999;0.15329999999999999;0.15329999999999999;0.15329999999999999;0.15329999999999999;0.14828;0.14326;0.13824;0.13322000000000001;0.12820000000000001;0.12236000000000001;0.11652000000000001;0.11068;0.10484;9.9000000000000005E-2;9.9000000000000005E-2;9.9000000000000005E-2;9.9000000000000005E-2;9.9000000000000005E-2;9.9000000000000005E-2;9.9000000000000005E-2;9.9000000000000005E-2;9.9000000000000005E-2;9.9000000000000005E-2;9.9000000000000005E-2
;Key\Energiomvandlingsanläggningar\Insatta bränslen för elproduktion\Hyttgaser;Activity Level;Lokal miljöhänsyn;Sverige;TWh;;Interp;1.1240000000000001;1.0586;1.0301;1.0016;0.90600000000000003;0.81040000000000001;0.71479999999999999;0.61919999999999997;0.52359999999999995;0.41889999999999994;0.31419999999999992;0.20949999999999996;0.10479999999999995;1E-4;1E-4;1E-4;1E-4;1E-4;1E-4;1E-4;1E-4;1E-4;1E-4;1E-4;1E-4;1E-4;1E-4;1E-4;1E-4;1E-4;1E-4;1E-4;1E-4;1E-4;1E-4;1E-4;1E-4;1E-4;1E-4
;Key\Energiomvandlingsanläggningar\Insatta bränslen för elproduktion\Kol;Activity Level;Lokal miljöhänsyn;Sverige;TWh;;Interp;2E-3;5.7000000000000002E-3;4.5999999999999999E-3;0;0;0;0;0;0;0;0;0;0;0;0;0;0;0;0;0;0;0;0;0;0;0;0;0;0;0;0;0;0;0;0;0;0;0;0
;Key\Energiomvandlingsanläggningar\Insatta bränslen för elproduktion\Eldningsolja 1;Activity Level;Lokal miljöhänsyn;Sverige;TWh;;Interp;0.10299999999999999;0.15709999999999999;0.14269999999999999;0;0;0;0;0;0;0;0;0;0;0;0;0;0;0;0;0;0;0;0;0;0;0;0;0;0;0;0;0;0;0;0;0;0;0;0
;Key\Energiomvandlingsanläggningar\Insatta bränslen för elproduktion\Eldningsolja 2 5;Activity Level;Lokal miljöhänsyn;Sverige;TWh;;Interp;0.155;0.25585000000000002;0.15292499999999998;0.05;6.0300000000000006E-2;7.060000000000001E-2;8.09E-2;9.1200000000000003E-2;0.10150000000000001;0.13440000000000002;0.1673;0.20019999999999999;0.23310000000000003;0.26600000000000001;0.25694;0.24788000000000002;0.23882;0.22976000000000002;0.22070000000000001;0.21924000000000002;0.21778;0.21632000000000001;0.21486;0.21340000000000001;0.19436;0.17532;0.15628;0.13724;0.1182;0.1182;0.1182;0.1182;0.1182;0.1182;0.1182;0.1182;0.1182;0.1182;0.1182
;Key\Energiomvandlingsanläggningar\Insatta bränslen för elproduktion\Gasol;Activity Level;Lokal miljöhänsyn;Sverige;TWh;;Interp;6.0000000000000001E-3;4.7999999999999996E-3;4.8999999999999998E-3;0;0;0;0;0;0;0;0;0;0;0;0;0;0;0;0;0;0;0;0;0;0;0;0;0;0;0;0;0;0;0;0;0;0;0;0
;Key\Energiomvandlingsanläggningar\Insatta bränslen för elproduktion\Kärnbränsle;Activity Level;Lokal miljöhänsyn;Sverige;TWh;;Interp;138.124;138.124;138.124;138.124;138.124;138.124;138.124;138.124;138.124;138.124;138.124;138.124;138.124;138.124;138.124;138.124;138.124;138.124;138.124;138.124;138.124;138.124;138.124;138.124;138.124;138.124;138.124;138.124;138.124;138.124;138.124;138.124;138.124;138.124;138.124;138.124;138.124;138.124;138.124
;Key\Energiomvandlingsanläggningar\Insatta bränslen för elproduktion\Summa exkl kärnbränsle;Activity Level;Lokal miljöhänsyn;Sverige;TWh;;Interp;19.257000000000001;20.0517;20.114650000000001;20.041;20.030560000000001;20.020119999999999;20.009679999999996;19.99924;19.988800000000001;19.709900000000001;19.431000000000001;19.152099999999997;18.873200000000001;18.594300000000004;18.805240000000001;19.016179999999999;19.227119999999999;19.43806;19.649000000000001;19.662519999999997;19.67604;19.689559999999997;19.70308;19.7166;19.671720000000001;19.626839999999998;19.581959999999995;19.537079999999996;19.4922;19.4922;19.4922;19.4922;19.4922;19.4922;19.4922;19.4922;19.4922;19.4922;19.4922
;Key\Energiomvandlingsanläggningar\Insatta bränslen för fjärrvärmeproduktion\Biobränslen;Activity Level;Lokal miljöhänsyn;Sverige;TWh;;Interp;24.974;40.978999999999999;40.978999999999999;40.978999999999999;39.139200000000002;37.299399999999999;35.459600000000002;33.619799999999998;31.78;30.160600000000002;28.5412;26.921800000000001;25.302399999999999;23.683;22.848800000000001;22.014600000000002;21.180399999999999;20.3462;19.512;18.420000000000002;17.327999999999999;16.236000000000001;15.143999999999998;14.052;13.603199999999999;13.154399999999999;12.7056;12.2568;11.808;11.587;11.366;11.145;10.923999999999999;10.702999999999999;10.2828;9.8626000000000005;9.4423999999999992;9.0221999999999998;8.6020000000000003
;Key\Energiomvandlingsanläggningar\Insatta bränslen för fjärrvärmeproduktion\Förnybart avfall;Activity Level;Lokal miljöhänsyn;Sverige;TWh;;Interp;6.2;0;0;0;0;0;0;0;0;0;0;0;0;0;0;0;0;0;0;0;0;0;0;0;0;0;0;0;0;0;0;0;0;0;0;0;0;0;0
;Key\Energiomvandlingsanläggningar\Insatta bränslen för fjärrvärmeproduktion\Fossilt avfall;Activity Level;Lokal miljöhänsyn;Sverige;TWh;;Interp;5.8;8.4789999999999992;8.4789999999999992;8.4789999999999992;8.270999999999999;8.0629999999999988;7.8549999999999995;7.6470000000000002;7.4390000000000001;7.2282000000000002;7.0174000000000003;6.8065999999999995;6.5957999999999997;6.3849999999999998;6.2012;6.0174000000000003;5.8335999999999997;5.6497999999999999;5.4660000000000002;5.2502000000000004;5.0343999999999998;4.8186;4.6027999999999993;4.3869999999999996;4.2591999999999999;4.1314000000000002;4.0035999999999996;3.8757999999999999;3.7480000000000002;3.5846;3.4212000000000002;3.2578;3.0944000000000003;2.931;2.7589999999999999;2.5870000000000002;2.415;2.2430000000000003;2.0710000000000002
;Key\Energiomvandlingsanläggningar\Insatta bränslen för fjärrvärmeproduktion\Torv;Activity Level;Lokal miljöhänsyn;Sverige;TWh;;Interp;0.434;0.36;0.35;0;0;0;0;0;0;0;0;0;0;0;0;0;0;0;0;0;0;0;0;0;0;0;0;0;0;0;0;0;0;0;0;0;0;0;0
;Key\Energiomvandlingsanläggningar\Insatta bränslen för fjärrvärmeproduktion\Naturgas;Activity Level;Lokal miljöhänsyn;Sverige;TWh;;Interp;0.17599999999999999;0.55200000000000005;0.55200000000000005;0.55200000000000005;0.44160000000000005;0.33120000000000005;0.22080000000000005;0.1104;0;0;0;0;0;0;0;0;0;0;0;0;0;0;0;0;0;0;0;0;0;0;0;0;0;0;0;0;0;0;0
;Key\Energiomvandlingsanläggningar\Insatta bränslen för fjärrvärmeproduktion\Hyttgaser;Activity Level;Lokal miljöhänsyn;Sverige;TWh;;Interp;1.0580000000000001;1.159;1.159;1.159;0.93540000000000001;0.71179999999999999;0.48819999999999997;0.26459999999999995;4.1000000000000002E-2;4.1000000000000002E-2;4.1000000000000002E-2;4.1000000000000002E-2;4.1000000000000002E-2;4.1000000000000002E-2;4.1000000000000002E-2;4.1000000000000002E-2;4.1000000000000002E-2;4.1000000000000002E-2;4.1000000000000002E-2;4.1000000000000002E-2;4.1000000000000002E-2;4.1000000000000002E-2;4.1000000000000002E-2;4.1000000000000002E-2;4.1000000000000002E-2;4.1000000000000002E-2;4.1000000000000002E-2;4.1000000000000002E-2;4.1000000000000002E-2;4.1000000000000002E-2;4.1000000000000002E-2;4.1000000000000002E-2;4.1000000000000002E-2;4.1000000000000002E-2;4.1000000000000002E-2;4.1000000000000002E-2;4.1000000000000002E-2;4.1000000000000002E-2;4.1000000000000002E-2
;Key\Energiomvandlingsanläggningar\Insatta bränslen för fjärrvärmeproduktion\Kol;Activity Level;Lokal miljöhänsyn;Sverige;TWh;;Interp;7.0000000000000001E-3;0.11799999999999999;0.109;0.1021875;9.5375000000000001E-2;8.8562500000000002E-2;8.1750000000000003E-2;7.493749999999999E-2;6.8124999999999991E-2;6.1312499999999999E-2;5.45E-2;4.7687500000000001E-2;4.0874999999999995E-2;3.4062499999999996E-2;2.7249999999999996E-2;2.0437499999999997E-2;1.3624999999999998E-2;6.8124999999999991E-3;0;0;0;0;0;0;0;0;0;0;0;0;0;0;0;0;0;0;0;0;0
;Key\Energiomvandlingsanläggningar\Insatta bränslen för fjärrvärmeproduktion\Eldningsolja 1;Activity Level;Lokal miljöhänsyn;Sverige;TWh;;Interp;0.31900000000000001;0.89500000000000002;0.89500000000000002;0.89500000000000002;0.77560000000000007;0.65620000000000001;0.53680000000000005;0.41739999999999999;0.29799999999999999;0.26539999999999997;0.23280000000000001;0.20019999999999999;0.1676;0.13500000000000001;0.11000000000000001;8.5000000000000006E-2;6.0000000000000012E-2;3.5000000000000003E-2;0.01;0.01;0.01;0.01;0.01;0.01;0.01;0.01;0.01;0.01;0.01;0.01;0.01;0.01;0.01;0.01;0.01;0.01;0.01;0.01;0.01
;Key\Energiomvandlingsanläggningar\Insatta bränslen för fjärrvärmeproduktion\Eldningsolja 2 5;Activity Level;Lokal miljöhänsyn;Sverige;TWh;;Interp;0.108;0;0;0;0;0;0;0;0;0;0;0;0;0;0;0;0;0;0;0;0;0;0;0;0;0;0;0;0;0;0;0;0;0;0;0;0;0;0
;Key\Energiomvandlingsanläggningar\Insatta bränslen för fjärrvärmeproduktion\Gasol;Activity Level;Lokal miljöhänsyn;Sverige;TWh;;Interp;7.0000000000000001E-3;0;0;0;0;0;0;0;0;0;0;0;0;0;0;0;0;0;0;0;0;0;0;0;0;0;0;0;0;0;0;0;0;0;0;0;0;0;0
;Key\Energiomvandlingsanläggningar\Insatta bränslen för fjärrvärmeproduktion\Elektricitet;Activity Level;Lokal miljöhänsyn;Sverige;TWh;;Interp;3.78;5.6189999999999998;5.6189999999999998;5.6189999999999998;5.5548000000000002;5.4905999999999997;5.4264000000000001;5.3621999999999996;5.298;5.8109999999999999;6.3239999999999998;6.8369999999999997;7.3500000000000005;7.8630000000000004;8.0152000000000001;8.1674000000000007;8.3196000000000012;8.4718;8.6240000000000006;9.1760000000000002;9.7279999999999998;10.280000000000001;10.832000000000001;11.384;11.2516;11.119199999999999;10.986800000000001;10.8544;10.722;10.876999999999999;11.032;11.186999999999999;11.342000000000001;11.497;11.447799999999999;11.3986;11.349399999999999;11.3002;11.250999999999999
;Key\Energiomvandlingsanläggningar\Insatta bränslen för fjärrvärmeproduktion\Spillvärme och uppgraderad värme;Activity Level;Lokal miljöhänsyn;Sverige;TWh;;Interp;5.9059999999999997;5.4109999999999996;5.4109999999999996;5.4109999999999996;5.4865999999999993;5.5621999999999998;5.6377999999999995;5.7134;5.7889999999999997;5.9571999999999994;6.1254;6.2935999999999996;6.4618000000000002;6.63;7.0068000000000001;7.3835999999999995;7.7603999999999997;8.1372;8.5139999999999993;8.6866000000000003;8.8591999999999995;9.0318000000000005;9.2043999999999997;9.3770000000000007;9.4326000000000008;9.4882000000000009;9.5437999999999992;9.5993999999999993;9.6549999999999994;9.8167999999999989;9.9786000000000001;10.1404;10.302200000000001;10.464;10.7652;11.0664;11.367600000000001;11.668800000000001;11.97
;Key\Energiomvandlingsanläggningar\Insatta bränslen för fjärrvärmeproduktion\Summa bränslen;Activity Level;Lokal miljöhänsyn;Sverige;TWh;;Interp;48.768999999999991;63.572000000000003;63.553000000000004;63.196187500000001;60.699574999999996;58.202962499999991;55.706349999999993;53.209737499999996;50.713125000000005;49.5247125;48.336300000000001;47.147887499999996;45.959474999999998;44.771062500000006;44.250249999999994;43.729437500000003;43.208624999999998;42.6878125;42.167000000000002;41.583800000000004;41.000600000000006;40.417400000000001;39.834199999999996;39.250999999999998;38.5976;37.944200000000002;37.290799999999997;36.6374;35.984000000000002;35.916399999999996;35.848799999999997;35.781199999999998;35.7136;35.646000000000001;35.305799999999998;34.965600000000002;34.625399999999999;34.285200000000003;33.945
;Key\Energiomvandlingsanläggningar\Årlig elproduktion\Vattenkraft;Activity Level;Lokal miljöhänsyn;Sverige;GW;;Interp;8.0390666666666668;65.84;65.84;65.84;66.124000000000009;66.408000000000001;66.692000000000007;66.975999999999999;67.260000000000005;67.305999999999997;67.352000000000004;67.397999999999996;67.444000000000003;67.489999999999995;67.515999999999991;67.542000000000002;67.567999999999998;67.594000000000008;67.62;67.64200000000001;67.664000000000001;67.686000000000007;67.707999999999998;67.73;67.774000000000001;67.817999999999998;67.862000000000009;67.906000000000006;67.95;67.994;68.037999999999997;68.082000000000008;68.126000000000005;68.17;68.213999999999999;68.257999999999996;68.302000000000007;68.346000000000004;68.39
;Key\Energiomvandlingsanläggningar\Årlig elproduktion\Vindkraft landbaserad;Activity Level;Lokal miljöhänsyn;Sverige;GW;;Interp;4.2365287356321844;34.380000000000003;34.380000000000003;34.380000000000003;40.392000000000003;46.404000000000003;52.415999999999997;58.427999999999997;64.44;66.221999999999994;68.003999999999991;69.786000000000001;71.567999999999998;73.349999999999994;74.263999999999996;75.177999999999997;76.091999999999999;77.006;77.92;78.445999999999998;78.971999999999994;79.498000000000005;80.024000000000001;80.55;80.518000000000001;80.486000000000004;80.453999999999994;80.421999999999997;80.39;80.445999999999998;80.501999999999995;80.558000000000007;80.614000000000004;80.67;80.682000000000002;80.694000000000003;80.706000000000003;80.718000000000004;80.73
;Key\Energiomvandlingsanläggningar\Årlig elproduktion\Vindkraft havsbaserad;Activity Level;Lokal miljöhänsyn;Sverige;GW;;Interp;1.4091954022988507E-2;0.3;0.3;0.3;0.30199999999999999;0.30399999999999999;0.30599999999999999;0.308;0.31;0.34599999999999997;0.38200000000000001;0.41799999999999998;0.45399999999999996;0.49;1.212;1.9339999999999999;2.6559999999999997;3.3780000000000001;4.0999999999999996;6.3900000000000006;8.68;10.969999999999999;13.260000000000002;15.55;17.545999999999999;19.542000000000002;21.538;23.534000000000002;25.53;25.53;25.53;25.53;25.53;25.53;26.198;26.866;27.534000000000002;28.202000000000002;28.87
;Key\Energiomvandlingsanläggningar\Årlig elproduktion\Befintligt kärnkraft;Activity Level;Lokal miljöhänsyn;Sverige;GW;;Interp;5.4324137931034491;46.68;46.68;46.68;47.694000000000003;48.707999999999998;49.722000000000001;50.735999999999997;51.75;51.75;51.75;51.75;51.75;51.75;51.75;51.75;51.75;51.75;51.75;51.75;51.75;51.75;51.75;51.75;51.75;51.75;51.75;51.75;51.75;51.75;51.75;51.75;51.75;51.75;51.75;51.75;51.75;51.75;51.75
;Key\Energiomvandlingsanläggningar\Årlig elproduktion\Ny kärnkraft;Activity Level;Lokal miljöhänsyn;Sverige;GW;;Interp;0;0;0;0;0;0;0;0;0;0;0;0;0;0;0;0;0;0;0;0;0;0;0;0;0;0;0;0;0;0;0;0;0;0;0;0;0;0;0
;Key\Energiomvandlingsanläggningar\Årlig elproduktion\Solkraft tak;Activity Level;Lokal miljöhänsyn;Sverige;GW;;Interp;0.21387586206896556;3.1;3.1;3.1;3.5180000000000002;3.9360000000000004;4.3540000000000001;4.7720000000000002;5.19;5.452;5.7140000000000004;5.976;6.2380000000000004;6.5;6.7080000000000002;6.9160000000000004;7.1239999999999997;7.3319999999999999;7.54;7.952;8.3640000000000008;8.7759999999999998;9.1879999999999988;9.6;10.561999999999999;11.524000000000001;12.486000000000001;13.448;14.41;14.41;14.41;14.41;14.41;14.41;14.41;14.41;14.41;14.41;14.41
;Key\Energiomvandlingsanläggningar\Årlig elproduktion\Solkraft mark;Activity Level;Lokal miljöhänsyn;Sverige;GW;;Interp;0.21387586206896556;0;0;0;0.442;0.88400000000000001;1.3259999999999998;1.768;2.21;2.21;2.21;2.21;2.21;2.21;2.21;2.21;2.21;2.21;2.21;2.214;2.218;2.222;2.226;2.23;2.44;2.65;2.86;3.07;3.28;3.28;3.28;3.28;3.28;3.28;3.4259999999999997;3.5719999999999996;3.718;3.8639999999999999;4.01
;Key\Energiomvandlingsanläggningar\Årlig elproduktion\Industriell kraftvärme;Activity Level;Lokal miljöhänsyn;Sverige;GW;;Interp;1.6161655172413794;6.27;6.27;6.27;6.1599999999999993;6.05;5.9399999999999995;5.83;5.72;5.5279999999999996;5.3359999999999994;5.1440000000000001;4.952;4.76;4.6139999999999999;4.468;4.3220000000000001;4.1760000000000002;4.03;3.9280000000000004;3.8260000000000001;3.7240000000000002;3.6219999999999999;3.52;3.552;3.5840000000000001;3.6160000000000001;3.6480000000000001;3.68;3.7480000000000002;3.8159999999999998;3.8839999999999999;3.9519999999999995;4.0199999999999996;4.024;4.0279999999999996;4.032;4.0359999999999996;4.04
;Key\Energiomvandlingsanläggningar\Årlig elproduktion\Kraftvärme;Activity Level;Lokal miljöhänsyn;Sverige;GW;;Interp;1.6161655172413794;7.22;7.22;7.22;7.492;7.7640000000000002;8.0359999999999996;8.3079999999999998;8.58;7.7960000000000003;7.0120000000000005;6.2279999999999998;5.444;4.66;4.42;4.18;3.94;3.7;3.46;3.286;3.1120000000000001;2.9379999999999997;2.7639999999999998;2.59;2.488;2.3860000000000001;2.2839999999999998;2.1819999999999999;2.08;2.0579999999999998;2.036;2.0140000000000002;1.992;1.97;1.84;1.71;1.58;1.4500000000000002;1.32
;Key\Energiomvandlingsanläggningar\Årlig fjärrvärmeproduktion\Kraftvärme och värmeverk;Activity Level;Lokal miljöhänsyn;Sverige;GW;;Interp;8.1564137931034431;8.2234482758620668;8.2906206896551673;8.3340689655172433;8.3340689655172433;8.3340689655172433;8.3340689655172433;8.3340689655172433;8.3340689655172433;8.3340689655172433;8.3340689655172433;8.3340689655172433;8.3340689655172433;8.3340689655172433;8.3340689655172433;8.3340689655172433;8.3340689655172433;8.3340689655172433;8.3340689655172433;8.3340689655172433;8.3340689655172433;8.3340689655172433;8.3340689655172433;8.3340689655172433;8.3340689655172433;8.3340689655172433;8.3340689655172433;8.3340689655172433;8.3340689655172433;8.3340689655172433;8.3340689655172433;8.3340689655172433;8.3340689655172433;8.3340689655172433;8.3340689655172433;8.3340689655172433;8.3340689655172433;8.3340689655172433;8.3340689655172433
;Key\Energiomvandlingsanläggningar\Biogent avfall energiandel;Activity Level;Lokal miljöhänsyn;Sverige;procent;;Interp;0;54;54;54;54.4;54.8;55.2;55.6;56;56.4;56.8;57.2;57.6;58;58.4;58.8;59.2;59.6;60;60.4;60.8;61.2;61.6;62;62.4;62.8;63.2;63.6;64;64.400000000000006;64.8;65.2;65.599999999999994;66;66.400000000000006;66.8;67.2;67.599999999999994;68
;Key\Bostäder och lokaler\Småhus\Uppvärmd area per capita;Activity Level;Lokal miljöhänsyn;Sverige;m2/capita;;Interp;29.879749999999998;32.77505;32.682375;32.589700000000001;32.551200000000001;32.512700000000002;32.474200000000003;32.435700000000004;32.397200000000005;32.352320000000006;32.30744;32.262560000000008;32.217680000000001;32.172800000000002;32.122200000000007;32.071600000000004;32.021000000000001;31.970400000000001;31.919800000000002;31.858420000000002;31.797040000000003;31.735660000000003;31.674280000000007;31.612900000000003;31.553940000000004;31.494980000000005;31.436020000000003;31.377060000000004;31.318100000000001;31.318100000000001;31.318100000000001;31.318100000000001;31.318100000000001;31.318100000000001;31.318100000000001;31.318100000000001;31.318100000000001;31.318100000000001;31.318100000000001
;Key\Bostäder och lokaler\Småhus\Värmebehov per kvadratmeter uppvärmd yta;Activity Level;Lokal miljöhänsyn;Sverige;kWh/Atemp;;Interp;139.89527464;139.52650045999999;139.15772627999999;138.78895209999999;137.77331397999998;136.75767585999998;135.74203774;134.72639962;133.71076149999999;133.19845364;132.68614578;132.17383791999998;131.66153005999999;131.1492222;130.71263042000001;130.27603864;129.83944686000001;129.40285507999999;128.96626330000001;128.50520562;128.04414794000002;127.58309026000001;127.12203258;126.6609749;126.14314836;125.62532182;125.10749528000001;124.58966874000001;124.07184220000001;124.07184220000001;124.07184220000001;124.07184220000001;124.07184220000001;124.07184220000001;124.07184220000001;124.07184220000001;124.07184220000001;124.07184220000001;124.07184220000001
;Key\Bostäder och lokaler\Småhus\Hushållsel per m2;Activity Level;Lokal miljöhänsyn;Sverige;kWh/m2;;Interp;46.22;36;36;36;36;36;36;36;36;36;36;36;36;36;36;36;36;36;36;36;36;36;36;36;36;36;36;36;36;36;36;36;36;36;36;36;36;36;36
;Key\Bostäder och lokaler\Småhus\VP luft luft procentandel värmebehov;Activity Level;Lokal miljöhänsyn;Sverige;procent;;Interp;9.8470000000000013;11.061;12.275000000000002;13.489000000000001;13.631;13.773;13.915000000000001;14.057;14.199;14.315;14.430999999999999;14.547000000000001;14.663;14.779;14.904199999999999;15.029399999999999;15.1546;15.2798;15.404999999999999;15.519399999999999;15.633799999999999;15.748200000000001;15.8626;15.977;16.110600000000002;16.244199999999999;16.377800000000001;16.511399999999998;16.645;16.645;16.645;16.645;16.645;16.645;16.645;16.645;16.645;16.645;16.645
;Key\Bostäder och lokaler\Småhus\VP berg procentandel värmebehov;Activity Level;Lokal miljöhänsyn;Sverige;procent;;Interp;28.3398;28.994199999999999;29.648600000000002;30.303000000000001;30.806000000000001;31.309000000000001;31.811999999999998;32.314999999999998;32.817999999999998;32.736199999999997;32.654399999999995;32.572600000000001;32.4908;32.408999999999999;32.265999999999998;32.122999999999998;31.98;31.837;31.693999999999999;31.567999999999998;31.442;31.315999999999999;31.19;31.064;30.9572;30.8504;30.743600000000001;30.636800000000001;30.53;30.53;30.53;30.53;30.53;30.53;30.53;30.53;30.53;30.53;30.53
;Key\Bostäder och lokaler\Småhus\VP luft vatten procentandel värmebehov;Activity Level;Lokal miljöhänsyn;Sverige;procent;;Interp;4.8621999999999996;4.7168000000000001;4.5713999999999997;4.4260000000000002;4.7206000000000001;5.0152000000000001;5.3098000000000001;5.6044;5.899;7.0170000000000003;8.1349999999999998;9.2530000000000001;10.371;11.489000000000001;11.7736;12.058200000000001;12.3428;12.627400000000002;12.912000000000001;12.887400000000001;12.8628;12.838200000000001;12.813599999999999;12.789;12.5006;12.212199999999999;11.9238;11.635399999999999;11.347;11.347;11.347;11.347;11.347;11.347;11.347;11.347;11.347;11.347;11.347
;Key\Bostäder och lokaler\Småhus\VP frånluft procentandel värmebehov;Activity Level;Lokal miljöhänsyn;Sverige;procent;;Interp;2.0662000000000003;2.5507999999999997;3.0354000000000001;3.52;3.6217999999999999;3.7235999999999998;3.8254000000000001;3.9272;4.0289999999999999;4.2073999999999998;4.3857999999999997;4.5642000000000005;4.7426000000000004;4.9210000000000003;5.0752000000000006;5.2294;5.3836000000000004;5.5378000000000007;5.6920000000000002;5.6612;5.6303999999999998;5.5996000000000006;5.5688000000000004;5.5380000000000003;5.6993999999999998;5.8608000000000002;6.0221999999999998;6.1836000000000002;6.3449999999999998;6.3449999999999998;6.3449999999999998;6.3449999999999998;6.3449999999999998;6.3449999999999998;6.3449999999999998;6.3449999999999998;6.3449999999999998;6.3449999999999998;6.3449999999999998
;Key\Bostäder och lokaler\Småhus\Övrig elvärme procentandel värmebehov;Activity Level;Lokal miljöhänsyn;Sverige;procent;;Interp;22.206;20.268000000000001;18.329999999999998;16.391999999999999;14.408199999999999;12.424399999999999;10.4406;8.4567999999999977;6.4729999999999999;5.5213999999999999;4.5697999999999999;3.6181999999999999;2.6665999999999999;1.7150000000000001;1.5698000000000001;1.4246000000000001;1.2794000000000001;1.1341999999999999;0.98899999999999999;0.89080000000000004;0.79259999999999997;0.69440000000000002;0.59619999999999995;0.498;0.499;0.5;0.501;0.502;0.503;0.503;0.503;0.503;0.503;0.503;0.503;0.503;0.503;0.503;0.503
;Key\Bostäder och lokaler\Småhus\Fjärrvärme procentandel värmebehov;Activity Level;Lokal miljöhänsyn;Sverige;procent;;Interp;13.803000000000001;13.865;13.927000000000001;13.989000000000001;14.902200000000001;15.8154;16.7286;17.6418;18.555;18.594999999999999;18.634999999999998;18.675000000000001;18.715;18.754999999999999;18.773599999999998;18.792199999999998;18.8108;18.8294;18.847999999999999;19.328599999999998;19.809200000000001;20.2898;20.770400000000002;21.251000000000001;21.324400000000001;21.3978;21.4712;21.544599999999999;21.617999999999999;21.617999999999999;21.617999999999999;21.617999999999999;21.617999999999999;21.617999999999999;21.617999999999999;21.617999999999999;21.617999999999999;21.617999999999999;21.617999999999999
;Key\Bostäder och lokaler\Småhus\Pellets procentandel värmebehov;Activity Level;Lokal miljöhänsyn;Sverige;procent;;Interp;3.9596;3.9684000000000004;3.9772000000000003;3.9860000000000002;4.0030000000000001;4.0199999999999996;4.0369999999999999;4.0540000000000003;4.0709999999999997;3.7481999999999998;3.4253999999999998;3.1025999999999998;2.7797999999999998;2.4569999999999999;2.2241999999999997;1.9913999999999998;1.7585999999999999;1.5257999999999998;1.2929999999999999;1.0344;0.77579999999999993;0.51719999999999999;0.25859999999999994;0;0;0;0;0;0;0;0;0;0;0;0;0;0;0;0
;Key\Bostäder och lokaler\Småhus\Ved procentandel värmebehov;Activity Level;Lokal miljöhänsyn;Sverige;procent;;Interp;13.847;13.787000000000001;13.727;13.667;13.7248;13.7826;13.840399999999999;13.898199999999999;13.956;13.86;13.763999999999999;13.668000000000001;13.572000000000001;13.476000000000001;13.414200000000001;13.352400000000001;13.2906;13.2288;13.167;13.110199999999999;13.0534;12.996599999999999;12.9398;12.882999999999999;12.908799999999999;12.9346;12.9604;12.9862;13.012;13.012;13.012;13.012;13.012;13.012;13.012;13.012;13.012;13.012;13.012
;Key\Bostäder och lokaler\Småhus\Olja procentandel värmebehov;Activity Level;Lokal miljöhänsyn;Sverige;procent;;Interp;0.59639999999999993;0.47359999999999997;0.35079999999999995;0.22800000000000001;0.18240000000000001;0.1368;9.1200000000000003E-2;4.5600000000000002E-2;0;0;0;0;0;0;0;0;0;0;0;0;0;0;0;0;0;0;0;0;0;0;0;0;0;0;0;0;0;0;0
;Key\Bostäder och lokaler\Småhus\Naturgas och biogas procentandel värmebehov;Activity Level;Lokal miljöhänsyn;Sverige;procent;;Interp;0.47339999999999999;0.31560000000000005;0.15779999999999994;0;0;0;0;0;0;0;0;0;0;0;0;0;0;0;0;0;0;0;0;0;0;0;0;0;0;0;0;0;0;0;0;0;0;0;0
;Key\Bostäder och lokaler\Flerbostadshus\Uppvärmd area per capita;Activity Level;Lokal miljöhänsyn;Sverige;m2/capita;;Interp;20.295425000000002;22.474595000000001;22.624222499999998;22.773849999999999;22.813075999999999;22.852302000000002;22.891528000000001;22.930754;22.96998;22.992001999999999;23.014024000000003;23.036045999999999;23.058068000000002;23.080090000000002;23.089682000000003;23.099274000000001;23.108866000000003;23.118458000000004;23.128050000000002;23.124772000000004;23.121494000000002;23.118216000000004;23.114938000000002;23.111660000000001;23.108536000000004;23.105412000000005;23.102288000000001;23.099164000000002;23.096040000000002;23.096040000000002;23.096040000000002;23.096040000000002;23.096040000000002;23.096040000000002;23.096040000000002;23.096040000000002;23.096040000000002;23.096040000000002;23.096040000000002
;Key\Bostäder och lokaler\Flerbostadshus\Värmebehov per kvadratmeter uppvärmd yta;Activity Level;Lokal miljöhänsyn;Sverige;kWh/Atemp;;Interp;150.92996126;148.33065443999999;145.73134762000001;143.1320408;140.28698814000001;137.44193548000001;134.59688281999999;131.75183016;128.9067775;127.26435018000001;125.62192286;123.97949554;122.33706821999999;120.6946409;119.97926364;119.26388638;118.54850911999999;117.83313185999999;117.1177546;116.46625734;115.81476008;115.16326282;114.51176556;113.8602683;113.28727772000001;112.71428714;112.14129656;111.56830597999999;110.9953154;110.9953154;110.9953154;110.9953154;110.9953154;110.9953154;110.9953154;110.9953154;110.9953154;110.9953154;110.9953154
;Key\Bostäder och lokaler\Flerbostadshus\Hushållsel per m2;Activity Level;Lokal miljöhänsyn;Sverige;kWh/m2;;Interp;40;52;52;52;52;52;52;52;52;52;52;52;52;52;52;52;52;52;52;52;52;52;52;52;52;52;52;52;52;52;52;52;52;52;52;52;52;52;52
;Key\Bostäder och lokaler\Flerbostadshus\VP luft luft procentandel värmebehov;Activity Level;Lokal miljöhänsyn;Sverige;procent;;Interp;6.1799999999999994E-2;4.1200000000000001E-2;2.0599999999999993E-2;0;0;0;0;0;0;0;0;0;0;0;0;0;0;0;0;0;0;0;0;0;0;0;0;0;0;0;0;0;0;0;0;0;0;0;0
;Key\Bostäder och lokaler\Flerbostadshus\VP berg procentandel värmebehov;Activity Level;Lokal miljöhänsyn;Sverige;procent;;Interp;13.6562;13.732799999999999;13.8094;13.885999999999999;14.311999999999999;14.738;15.163999999999998;15.589999999999998;16.015999999999998;16.099399999999999;16.1828;16.266199999999998;16.349599999999999;16.433;16.413;16.393000000000001;16.372999999999998;16.352999999999998;16.332999999999998;16.3154;16.297799999999999;16.280200000000001;16.262599999999999;16.245000000000001;16.201800000000002;16.1586;16.115400000000001;16.072199999999999;16.029;16.029;16.029;16.029;16.029;16.029;16.029;16.029;16.029;16.029;16.029
;Key\Bostäder och lokaler\Flerbostadshus\VP luft vatten procentandel värmebehov;Activity Level;Lokal miljöhänsyn;Sverige;procent;;Interp;3.44;3.3609999999999998;3.282;3.2029999999999998;3.1401999999999997;3.0773999999999999;3.0145999999999997;2.9518;2.8889999999999998;2.641;2.3929999999999998;2.145;1.8969999999999998;1.649;1.4790000000000001;1.3089999999999999;1.139;0.96899999999999997;0.79900000000000004;0.63919999999999999;0.47939999999999999;0.31960000000000005;0.15979999999999994;0;0;0;0;0;0;0;0;0;0;0;0;0;0;0;0
;Key\Bostäder och lokaler\Flerbostadshus\VP frånluft procentandel värmebehov;Activity Level;Lokal miljöhänsyn;Sverige;procent;;Interp;0.78160000000000007;0.78939999999999999;0.79720000000000002;0.80500000000000005;0.70540000000000003;0.60580000000000001;0.50619999999999998;0.40659999999999996;0.307;0.26900000000000002;0.23099999999999998;0.193;0.15499999999999997;0.11700000000000001;0.1012;8.5400000000000004E-2;6.9599999999999995E-2;5.3799999999999987E-2;3.7999999999999999E-2;3.04E-2;2.2800000000000001E-2;1.5200000000000002E-2;7.5999999999999991E-3;0;0;0;0;0;0;0;0;0;0;0;0;0;0;0;0
;Key\Bostäder och lokaler\Flerbostadshus\Övrig elvärme procentandel värmebehov;Activity Level;Lokal miljöhänsyn;Sverige;procent;;Interp;1.2651999999999999;1.1728000000000001;1.0804;0.98799999999999999;0.79039999999999999;0.59279999999999999;0.3952;0.1976;0;0;0;0;0;0;0;0;0;0;0;0;0;0;0;0;0;0;0;0;0;0;0;0;0;0;0;0;0;0;0
;Key\Bostäder och lokaler\Flerbostadshus\Fjärrvärme procentandel värmebehov;Activity Level;Lokal miljöhänsyn;Sverige;procent;;Interp;79.786199999999994;80.021799999999999;80.25739999999999;80.492999999999995;80.551999999999992;80.61099999999999;80.67;80.728999999999999;80.787999999999997;80.990799999999993;81.193600000000004;81.3964;81.59920000000001;81.802000000000007;82.007600000000011;82.213200000000001;82.418800000000005;82.624399999999994;82.83;83.015000000000001;83.2;83.384999999999991;83.57;83.754999999999995;83.798199999999994;83.841399999999993;83.884600000000006;83.927800000000005;83.971000000000004;83.971000000000004;83.971000000000004;83.971000000000004;83.971000000000004;83.971000000000004;83.971000000000004;83.971000000000004;83.971000000000004;83.971000000000004;83.971000000000004
;Key\Bostäder och lokaler\Flerbostadshus\Pellets procentandel värmebehov;Activity Level;Lokal miljöhänsyn;Sverige;procent;;Interp;0.36599999999999999;0.40199999999999997;0.43799999999999994;0.47399999999999998;0.37919999999999998;0.28439999999999999;0.18959999999999999;9.4799999999999995E-2;0;0;0;0;0;0;0;0;0;0;0;0;0;0;0;0;0;0;0;0;0;0;0;0;0;0;0;0;0;0;0
;Key\Bostäder och lokaler\Flerbostadshus\Ved procentandel värmebehov;Activity Level;Lokal miljöhänsyn;Sverige;procent;;Interp;0;0;0;0;0;0;0;0;0;0;0;0;0;0;0;0;0;0;0;0;0;0;0;0;0;0;0;0;0;0;0;0;0;0;0;0;0;0;0
;Key\Bostäder och lokaler\Flerbostadshus\Olja procentandel värmebehov;Activity Level;Lokal miljöhänsyn;Sverige;procent;;Interp;0.2596;0.22339999999999999;0.18720000000000001;0.151;0.12079999999999999;9.0599999999999986E-2;6.0399999999999995E-2;3.0199999999999991E-2;0;0;0;0;0;0;0;0;0;0;0;0;0;0;0;0;0;0;0;0;0;0;0;0;0;0;0;0;0;0;0
;Key\Bostäder och lokaler\Flerbostadshus\Naturgas och biogas procentandel värmebehov;Activity Level;Lokal miljöhänsyn;Sverige;procent;;Interp;0.38340000000000002;0.25559999999999999;0.12780000000000002;0;0;0;0;0;0;0;0;0;0;0;0;0;0;0;0;0;0;0;0;0;0;0;0;0;0;0;0;0;0;0;0;0;0;0;0
;Key\Bostäder och lokaler\Lokaler\Uppvärmd area per capita;Activity Level;Lokal miljöhänsyn;Sverige;m2/capita;;Interp;16.94605;18.754010000000001;18.867364999999999;18.980720000000002;19.001774000000001;19.022828000000001;19.043882;19.064935999999999;19.085990000000002;19.094965999999999;19.103942;19.112918000000001;19.121894000000001;19.130870000000002;19.130936000000002;19.131002000000002;19.131068000000003;19.131133999999999;19.1312;19.12152;19.111840000000001;19.102160000000001;19.092480000000002;19.082799999999999;19.073494;19.064188000000001;19.054882000000003;19.045576000000004;19.036270000000002;19.036270000000002;19.036270000000002;19.036270000000002;19.036270000000002;19.036270000000002;19.036270000000002;19.036270000000002;19.036270000000002;19.036270000000002;19.036270000000002
;Key\Bostäder och lokaler\Lokaler\Värmebehov per kvadratmeter uppvärmd yta;Activity Level;Lokal miljöhänsyn;Sverige;kWh/Atemp;;Interp;142.33521096000001;140.49209714;138.64898332000001;136.8058695;134.40866874;132.01146797999999;129.61426721999999;127.21706646;124.81986569999999;124.09320654;123.36654738;122.63988821999999;121.91322905999999;121.18656989999999;120.58826886;119.98996782;119.39166677999999;118.79336574;118.1950647;117.5926474;116.99023010000001;116.38781279999999;115.78539549999999;115.18297819999999;114.66756642;114.15215463999999;113.63674286;113.12133107999999;112.6059193;112.6059193;112.6059193;112.6059193;112.6059193;112.6059193;112.6059193;112.6059193;112.6059193;112.6059193;112.6059193
;Key\Bostäder och lokaler\Lokaler\Driftel per m2;Activity Level;Lokal miljöhänsyn;Sverige;kWh/m2;;Interp;140;131;131;131;131;131;131;131;131;131;131;131;131;131;131;131;131;131;131;131;131;131;131;131;131;131;131;131;131;131;131;131;131;131;131;131;131;131;131
;Key\Bostäder och lokaler\Lokaler\VP luft luft procentandel värmebehov;Activity Level;Lokal miljöhänsyn;Sverige;procent;;Interp;0.23039999999999999;0.15360000000000001;7.6799999999999979E-2;0;0;0;0;0;0;0;0;0;0;0;0;0;0;0;0;0;0;0;0;0;0;0;0;0;0;0;0;0;0;0;0;0;0;0;0
;Key\Bostäder och lokaler\Lokaler\VP berg procentandel värmebehov;Activity Level;Lokal miljöhänsyn;Sverige;procent;;Interp;12.7666;13.3644;13.962200000000001;14.56;14.865600000000001;15.171200000000001;15.476800000000001;15.782400000000001;16.088000000000001;16.253399999999999;16.418800000000001;16.584199999999999;16.749600000000001;16.914999999999999;17.070399999999999;17.2258;17.3812;17.5366;17.692;17.672799999999999;17.653600000000001;17.634399999999999;17.615200000000002;17.596;17.569800000000001;17.543600000000001;17.517399999999999;17.491199999999999;17.465;17.465;17.465;17.465;17.465;17.465;17.465;17.465;17.465;17.465;17.465
;Key\Bostäder och lokaler\Lokaler\VP luft vatten procentandel värmebehov;Activity Level;Lokal miljöhänsyn;Sverige;procent;;Interp;2.4279999999999999;2.875;3.3220000000000001;3.7690000000000001;3.7436000000000003;3.7181999999999999;3.6928000000000001;3.6673999999999998;3.6419999999999999;3.2107999999999999;2.7795999999999998;2.3483999999999998;1.9172;1.486;1.3324;1.1787999999999998;1.0251999999999999;0.87159999999999993;0.71799999999999997;0.57440000000000002;0.43079999999999996;0.28720000000000001;0.14359999999999995;0;0;0;0;0;0;0;0;0;0;0;0;0;0;0;0
;Key\Bostäder och lokaler\Lokaler\VP frånluft procentandel värmebehov;Activity Level;Lokal miljöhänsyn;Sverige;procent;;Interp;0.37980000000000003;0.40620000000000001;0.43260000000000004;0.45900000000000002;0.45300000000000001;0.44700000000000001;0.441;0.435;0.42899999999999999;0.39;0.35099999999999998;0.312;0.27300000000000002;0.23400000000000001;0.2056;0.1772;0.14879999999999999;0.12039999999999999;9.1999999999999998E-2;7.3599999999999999E-2;5.5199999999999999E-2;3.6799999999999999E-2;1.84E-2;0;0;0;0;0;0;0;0;0;0;0;0;0;0;0;0
;Key\Bostäder och lokaler\Lokaler\Övrig elvärme procentandel värmebehov;Activity Level;Lokal miljöhänsyn;Sverige;procent;;Interp;9.4527999999999999;8.6302000000000003;7.8076000000000008;6.9850000000000003;6.2868000000000004;5.5886000000000005;4.8904000000000005;4.1921999999999997;3.4940000000000002;2.8386;2.1832000000000003;1.5278000000000003;0.87239999999999984;0.217;0.1736;0.13019999999999998;8.6800000000000016E-2;4.3399999999999994E-2;0;0;0;0;0;0;0;0;0;0;0;0;0;0;0;0;0;0;0;0;0
;Key\Bostäder och lokaler\Lokaler\Fjärrvärme procentandel värmebehov;Activity Level;Lokal miljöhänsyn;Sverige;procent;;Interp;68.091999999999999;68.490000000000009;68.888000000000005;69.286000000000001;70.6982;72.110399999999998;73.522599999999997;74.934799999999996;76.346999999999994;77.307199999999995;78.267399999999995;79.227599999999995;80.187799999999996;81.147999999999996;81.218000000000004;81.287999999999997;81.358000000000004;81.427999999999997;81.498000000000005;81.679200000000009;81.860399999999998;82.041600000000003;82.222799999999992;82.403999999999996;82.430199999999999;82.456400000000002;82.482599999999991;82.508799999999994;82.534999999999997;82.534999999999997;82.534999999999997;82.534999999999997;82.534999999999997;82.534999999999997;82.534999999999997;82.534999999999997;82.534999999999997;82.534999999999997;82.534999999999997
;Key\Bostäder och lokaler\Lokaler\Pellets procentandel värmebehov;Activity Level;Lokal miljöhänsyn;Sverige;procent;;Interp;1.8;1.9019999999999999;2.004;2.1059999999999999;1.6847999999999999;1.2635999999999998;0.84240000000000004;0.4211999999999998;0;0;0;0;0;0;0;0;0;0;0;0;0;0;0;0;0;0;0;0;0;0;0;0;0;0;0;0;0;0;0
;Key\Bostäder och lokaler\Lokaler\Ved procentandel värmebehov;Activity Level;Lokal miljöhänsyn;Sverige;procent;;Interp;0;0;0;0;0;0;0;0;0;0;0;0;0;0;0;0;0;0;0;0;0;0;0;0;0;0;0;0;0;0;0;0;0;0;0;0;0;0;0
;Key\Bostäder och lokaler\Lokaler\Olja procentandel värmebehov;Activity Level;Lokal miljöhänsyn;Sverige;procent;;Interp;0.64379999999999993;0.49219999999999997;0.3405999999999999;0.189;0.1512;0.1134;7.5600000000000001E-2;3.78E-2;0;0;0;0;0;0;0;0;0;0;0;0;0;0;0;0;0;0;0;0;0;0;0;0;0;0;0;0;0;0;0
;Key\Bostäder och lokaler\Lokaler\Naturgas och biogas procentandel värmebehov;Activity Level;Lokal miljöhänsyn;Sverige;procent;;Interp;4.2061999999999999;3.6858;3.1654;2.645;2.1160000000000001;1.587;1.0580000000000001;0.52899999999999991;0;0;0;0;0;0;0;0;0;0;0;0;0;0;0;0;0;0;0;0;0;0;0;0;0;0;0;0;0;0;0
;Key\Landtransporter\Personbilar\Fordonskm;Activity Level;Lokal miljöhänsyn;Sverige;km;;Interp;65211510625.316811;65066721571.604393;65655934085.729248;66246893700.887856;66851361333.203957;67455837313.517189;68070875483.028465;68690989066.502838;69322618923.752747;69945639049.595184;70582654875.505951;71226383544.039108;71865864215.907822;72536603026.831116;73177047562.356842;73870052701.434586;74527275278.564102;75198831328.513794;75879814115.992996;76571428325.891449;77276253886.433563;77970851038.566071;78690738424.162659;79404808758.631042;80138031682.367279;80847976148.950623;81599442598.437866;82334566902.694656;83095213349.891052;83841658020.94989;84624289232.927368;85368946793.61528;86141443880.808426;86936725048.307465;87722883867.884781;88534407819.155701;89320419965.090149;90129209791.655472;90961875677.533371
x;Key\Landtransporter\Personbilar\Fordonsskattdifferentiering;Activity Level;Lokal miljöhänsyn;Sverige;;;Interp;1;1;1;1;1;1;1;1;1;1;1;1;1;1;1;1;1;1;1;1;1;1;1;1;1;1;1;1;1;1;1;1;1;1;1;1;1;1;1
;Key\Landtransporter\Personbilar\personbil per capita;Activity Level;Lokal miljöhänsyn;Sverige;/capita;;Interp;0.47971999999999998;0.47960000000000003;0.47493000000000002;0.47244999999999998;0.47144000000000003;0.47070000000000001;0.47259000000000001;0.47455999999999998;0.47656999999999999;0.47836000000000001;0.48016999999999999;0.48202;0.48443999999999998;0.48938999999999999;0.49275000000000002;0.49559999999999998;0.49802999999999997;0.50022999999999995;0.50256000000000001;0.504;0.50551999999999997;0.50712999999999997;0.50873999999999997;0.51037999999999994;0.51209000000000005;0.51385999999999998;0.51568000000000003;0.51748000000000005;0.51919000000000004;0.52017000000000002;0.52195000000000003;0.52361999999999997;0.52522999999999997;0.52680000000000005;0.52837999999999996;0.53000999999999998;0.53166000000000002;0.53332000000000002;0.53496999999999995
x;Key\Landtransporter\Personbilar\Utbyggt bredband och uppmuntrande av hemarbete;Activity Level;Lokal miljöhänsyn;Sverige;;;Interp;1;1;1;1;1;0.99;0.99;0.99;0.99;0.99;0.99;0.99;0.99;0.99;0.99;0.99;0.99;0.99;0.99;0.99;0.99;0.99;0.99;0.99;0.99;0.99;0.99;0.99;0.99;0.99;0.99;0.99;0.99;0.99;0.99;0.99;0.99;0.99;0.99
x;Key\Landtransporter\Personbilar\Klimatdeklaration på resor över 15 mil;Activity Level;Lokal miljöhänsyn;Sverige;;;Interp;1;1;1;1;1;1;1;1;1;1;1;1;1;1;1;1;1;1;1;1;1;1;1;1;1;1;1;1;1;1;1;1;1;1;1;1;1;1;1
x;Key\Landtransporter\Personbilar\Styrmedel för ökad samåkning;Activity Level;Lokal miljöhänsyn;Sverige;;;Interp;1;1;1;1;1;1;1;1;1;1;1;1;1;1;1;1;1;1;1;1;1;1;1;1;1;1;1;1;1;1;1;1;1;1;1;1;1;1;1
x;Key\Landtransporter\Personbilar\Inför färdmedelsneutralt reseavdrag;Activity Level;Lokal miljöhänsyn;Sverige;;;Interp;1;1;1;1;1;1;1;1;1;1;1;1;1;1;1;1;1;1;1;1;1;1;1;1;1;1;1;1;1;1;1;1;1;1;1;1;1;1;1
x;Key\Landtransporter\Personbilar\Fyra av tio reser kollektivt;Activity Level;Lokal miljöhänsyn;Sverige;;;Interp;1;1;1;1;1;1;1;1;1;1;1;1;1;1;1;1;1;1;1;1;1;1;1;1;1;1;1;1;1;1;1;1;1;1;1;1;1;1;1
x;Key\Landtransporter\Personbilar\Cykelstrategi;Activity Level;Lokal miljöhänsyn;Sverige;;;Interp;1;1;1;1;1;1;1;1;1;1;1;1;1;1;1;1;1;1;1;1;1;1;1;1;1;1;1;1;1;1;1;1;1;1;1;1;1;1;1
x;Key\Landtransporter\Personbilar\Bilpool;Activity Level;Lokal miljöhänsyn;Sverige;;;Interp;1;1;1;1;1;1;1;1;1;1;1;1;1;1;1;1;1;1;1;1;1;1;1;1;1;1;1;1;1;1;1;1;1;1;1;1;1;1;1
;Key\Landtransporter\Personbilar\Bensinbilar\Antal bilar;Activity Level;Lokal miljöhänsyn;Sverige;;;Interp;2588093.2702610302;2649891.2008756003;2549457.0002914565;2468465.4379616003;2377460.4778683363;2290741.4635632001;2217742.4223563308;2142032.3735923199;2074590.5488230351;1997491.8386522399;1911588.064023376;1815224.8687657698;1709532.8502951597;1594961.0143830001;1483506.0769346999;1376417.6886364801;1273930.7864836799;1176382.469427858;1084281.96062592;997310.16806400008;914979.27367105579;837926.81457497994;765519.35194079997;699041.25884774991;638655.28153813607;583874.98199580004;535954.23158217606;493786.24492482003;458027.06394062104;427379.20635034802;402430.87922752002;381887.30801667593;365272.46625796601;352672.20773004001;342971.74860899994;335631.78942578996;329440.57341192005;325028.42629952799;321791.24120144395
;Key\Landtransporter\Personbilar\Bensinbilar\Körsträcka;Activity Level;Lokal miljöhänsyn;Sverige;km/fordon;;Interp;10053;10358;10220;10305;10373;10445;10466;10491;10517;10543;10567;10587;10591;10535;10513;10503;10502;10506;10508;10524;10540;10554;10569;10585;10600;10615;10630;10647;10667;10711;10741;10773;10808;10846;10884;10922;10960;10998;11038
;Key\Landtransporter\Personbilar\Bensinbilar\kWh per km;Activity Level;Lokal miljöhänsyn;Sverige;kWh/km;;Interp;0.71699999999999997;0.72799999999999998;0.71899999999999997;0.70899999999999996;0.7;0.69199999999999995;0.68600000000000005;0.68;0.67600000000000005;0.67200000000000004;0.66900000000000004;0.66700000000000004;0.66600000000000004;0.66400000000000003;0.66400000000000003;0.66300000000000003;0.66300000000000003;0.66300000000000003;0.66400000000000003;0.66600000000000004;0.66800000000000004;0.67100000000000004;0.67600000000000005;0.68100000000000005;0.68899999999999995;0.69499999999999995;0.70299999999999996;0.71399999999999997;0.72699999999999998;0.74199999999999999;0.75600000000000001;0.76500000000000001;0.78;0.79500000000000004;0.80300000000000005;0.80100000000000005;0.8;0.79200000000000004;0.78100000000000003
;Key\Landtransporter\Personbilar\Bensinbilar\Andel av personbilar;Activity Level;Lokal miljöhänsyn;Sverige;procent;;Interp;0.51340000000000008;0.52300000000000002;0.50760000000000005;0.49280000000000002;0.47460000000000002;0.45700000000000002;0.43969999999999998;0.42199999999999999;0.40610000000000002;0.38850000000000001;0.36940000000000001;0.34849999999999998;0.32569999999999999;0.3;0.27639999999999998;0.25430000000000003;0.2336;0.2142;0.19600000000000001;0.1792;0.16339999999999999;0.1487;0.13500000000000001;0.1225;0.11119999999999999;0.10100000000000001;9.2100000000000001E-2;8.43E-2;7.7700000000000005E-2;7.22E-2;6.7599999999999993E-2;6.3799999999999996E-2;6.0699999999999997E-2;5.8299999999999998E-2;5.6399999999999999E-2;5.4899999999999997E-2;5.3600000000000002E-2;5.2600000000000001E-2;5.1799999999999999E-2
;Key\Landtransporter\Personbilar\Bensinbilar\Andel av personbilskm;Activity Level;Lokal miljöhänsyn;Sverige;procent;;Interp;39.898020144672479;42.183734473949272;39.684837183120678;38.39808165654923;36.889895800340788;35.470309968449584;34.09812497294579;32.714715476873998;31.473809184805575;30.108462430342826;28.618576487613623;26.981273973766882;25.193689124896473;23.164738332603676;21.312829509177032;19.570197197745063;17.951576881946853;16.435194544204013;15.015369996611208;13.707060764278026;12.479747735527829;11.342032930550113;10.281736062827406;9.3185184129029821;8.4476070127809049;7.6660334978167084;6.9819024496958981;6.3853401402206149;5.8797306055186995;5.4598856788766481;5.1078834610771553;4.819166832653651;4.5830028351726382;4.3998468574869358;4.2553372019578193;4.1405036690326575;4.0423776399683646;3.9661533044675221;3.9048576053701893
;Key\Landtransporter\Personbilar\Dieselbilar\Antal bilar;Activity Level;Lokal miljöhänsyn;Sverige;;;Interp;1741190.9145854299;1642121.87037052;1576585.0125915841;1498711.1587624003;1409644.708116624;1308780.29789136;1201928.631447609;1090304.6299706879;977269.56904665497;864808.56437916798;756044.98146674398;653689.29994290997;558996.77174220001;473171.76760028995;397712.73625492502;333414.58757376001;278127.01246004994;231212.42746457894;191962.16343734402;158612.38722;131031.303573456;108192.29885567998;89027.065373855992;73042.678475519991;59730.350071912006;48559.899492719989;39570.996468607998;31630.435617960007;25937.182514012005;20717.828562690003;17264.046594079999;13767.097310945999;11433.569784022;9678.8255980800004;7905.3771842499991;6724.8628118100005;5531.6514192300001;4325.4733537960001;3727.3116741479994
;Key\Landtransporter\Personbilar\Dieselbilar\Körsträcka;Activity Level;Lokal miljöhänsyn;Sverige;km/fordon;;Interp;16587;16188;17052;17193;17307;17427;17462;17503;17547;17590;17631;17664;17671;17577;17541;17524;17522;17528;17532;17559;17585;17609;17634;17660;17685;17710;17736;17764;17797;17871;17920;17975;18033;18096;18159;18222;18286;18350;18416
;Key\Landtransporter\Personbilar\Dieselbilar\kWh per km;Activity Level;Lokal miljöhänsyn;Sverige;kWh/km;;Interp;0.70299999999999996;0.70299999999999996;0.70299999999999996;0.70399999999999996;0.70399999999999996;0.70599999999999996;0.70699999999999996;0.70799999999999996;0.71;0.71099999999999997;0.71299999999999997;0.71399999999999997;0.71499999999999997;0.71599999999999997;0.71699999999999997;0.71699999999999997;0.71799999999999997;0.71899999999999997;0.71899999999999997;0.71899999999999997;0.71899999999999997;0.71899999999999997;0.71899999999999997;0.71899999999999997;0.71899999999999997;0.71899999999999997;0.71799999999999997;0.71799999999999997;0.71799999999999997;0.71699999999999997;0.71699999999999997;0.71699999999999997;0.71699999999999997;0.71599999999999997;0.71599999999999997;0.71599999999999997;0.71499999999999997;0.71399999999999997;0.71299999999999997
;Key\Landtransporter\Personbilar\Dieselbilar\Andel av personbilar;Activity Level;Lokal miljöhänsyn;Sverige;procent;;Interp;0.34539999999999998;0.3241;0.31390000000000001;0.29920000000000002;0.28139999999999998;0.2611;0.23830000000000001;0.21479999999999999;0.1913;0.16819999999999999;0.14610000000000001;0.1255;0.1065;8.8999999999999996E-2;7.4099999999999999E-2;6.1600000000000002E-2;5.0999999999999997E-2;4.2099999999999999E-2;3.4700000000000002E-2;2.8500000000000001E-2;2.3400000000000001E-2;1.9199999999999998E-2;1.5699999999999999E-2;1.2800000000000001E-2;1.04E-2;8.3999999999999995E-3;6.7999999999999996E-3;5.4000000000000003E-3;4.4000000000000003E-3;3.5000000000000001E-3;2.8999999999999998E-3;2.3E-3;1.9E-3;1.6000000000000001E-3;1.2999999999999999E-3;1.1000000000000001E-3;8.9999999999999998E-4;6.9999999999999999E-4;5.9999999999999995E-4
;Key\Landtransporter\Personbilar\Dieselbilar\Andel av personbilskm;Activity Level;Lokal miljöhänsyn;Sverige;procent;;Interp;44.288398510149094;40.854477059066788;40.946683660929125;38.895923285013751;36.493977799158095;33.811920746527164;30.83268374823669;27.78181272059026;24.736730080729828;21.748293180427531;18.885417517591801;16.211363289352214;13.745095896682855;11.465852841266747;9.533425218751681;7.909507329387762;6.5390040010314037;5.3893010795534071;4.4352779307536307;3.6372247038968317;2.9817510004114487;2.443423619433545;1.995029278211125;1.6245032536993189;1.3181397382064572;1.0637196637200341;0.86009312198496235;0.68243883396082117;0.55551218727628049;0.44160423706234131;0.36558264508948674;0.28987539785691968;0.23935234264305638;0.20146609838998714;0.16364457933803811;0.13840997322431792;0.11324597207623271;8.8065163586406175E-2;7.5462572951388099E-2
;Key\Landtransporter\Personbilar\Elbilar\Antal bilar;Activity Level;Lokal miljöhänsyn;Sverige;;;Interp;234410.47344592502;288296.00254268001;373679.27663846395;473356.29847275;609142.84472985601;756395.81367984007;920486.6774619749;1102994.3952170881;1289914.0940108749;1496190.7980638398;1719601.282281992;1959505.2959244838;2219715.8194345199;2522165.0174109838;2796870.537954675;3054857.0328998403;3296623.1182764745;3525303.0211285809;3745198.4048150405;3949170.1744320001;4144284.9476373838;4330509.4620098993;4506924.3031299841;4671878.1928053293;4825523.0894635059;4967562.0992969396;5097093.5010079043;5213750.1376937404;5317122.4153724601;5396106.4336423436;5475084.01812944;5543351.6607248215;5603050.9610015182;5656668.6354778809;5705249.9032795001;5750369.0552622592;5792868.2918047495;5833827.7047411483;5873000.7612325316
;Key\Landtransporter\Personbilar\Elbilar\Körsträcka;Activity Level;Lokal miljöhänsyn;Sverige;km/fordon;;Interp;14448;13966;13781;13894;13850;13866;13865;13887;13959;14024;14081;14129;14151;14091;14073;14068;14074;14085;14092;14118;14142;14164;14187;14210;14233;14254;14276;14300;14328;14389;14429;14473;14521;14572;14623;14675;14726;14778;14832
;Key\Landtransporter\Personbilar\Elbilar\kWh per km;Activity Level;Lokal miljöhänsyn;Sverige;kWh/km;;Interp;0.20899999999999999;0.20699999999999999;0.20699999999999999;0.20699999999999999;0.20699999999999999;0.20699999999999999;0.20699999999999999;0.20699999999999999;0.20699999999999999;0.20699999999999999;0.20699999999999999;0.20699999999999999;0.20699999999999999;0.20699999999999999;0.20699999999999999;0.20699999999999999;0.20699999999999999;0.20699999999999999;0.20699999999999999;0.20699999999999999;0.20699999999999999;0.20699999999999999;0.20699999999999999;0.20699999999999999;0.20699999999999999;0.20699999999999999;0.20699999999999999;0.20699999999999999;0.20699999999999999;0.20699999999999999;0.20699999999999999;0.20699999999999999;0.20699999999999999;0.20699999999999999;0.20699999999999999;0.20699999999999999;0.20699999999999999;0.20699999999999999;0.20699999999999999
;Key\Landtransporter\Personbilar\Elbilar\Andel av personbilar;Activity Level;Lokal miljöhänsyn;Sverige;procent;;Interp;4.6500000000000007E-2;5.6899999999999999E-2;7.4399999999999994E-2;9.4500000000000001E-2;0.1216;0.15090000000000001;0.1825;0.21729999999999999;0.2525;0.29099999999999998;0.33229999999999998;0.37619999999999998;0.4229;0.47439999999999999;0.52110000000000001;0.56440000000000001;0.60450000000000004;0.64190000000000003;0.67700000000000005;0.70960000000000001;0.74009999999999998;0.76849999999999996;0.79479999999999995;0.81869999999999998;0.84019999999999995;0.85929999999999995;0.87590000000000001;0.8901;0.90200000000000002;0.91159999999999997;0.91969999999999996;0.92610000000000003;0.93110000000000004;0.93510000000000004;0.93820000000000003;0.94059999999999999;0.9425;0.94410000000000005;0.94540000000000002
;Key\Landtransporter\Personbilar\Elbilar\Andel av personbilskm;Activity Level;Lokal miljöhänsyn;Sverige;procent;;Interp;5.1935041649409284;6.1880203493581201;7.8434252487072404;9.9277295033264998;12.61997995442192;15.548223504718074;18.748910885085149;22.298824597721765;25.974077606765437;29.99841024709135;34.305461729260522;38.870217675728171;43.708092713459479;48.995714959510963;53.78784795477808;58.17747133947875;62.254622342228494;66.030139265965389;69.553855047636176;72.813562110057305;75.842803942877268;78.66700850753756;81.254460650571104;83.606257804314197;85.704213954940528;87.58120306304987;89.174759659181618;90.553250929386252;91.682453051378431;92.608587790902575;93.35379713517375;93.979053975714095;94.451519894745786;94.814907405795438;95.103883567374311;95.315107385532627;95.505348607247385;95.654123696363058;95.763578578135849
;Key\Landtransporter\Personbilar\Laddhybridbilar\Antal bilar;Activity Level;Lokal miljöhänsyn;Sverige;;;Interp;276251.48268466;273095.86181108002;330987.42379670404;398721.2842162;465874.05065688002;530329.20535008004;595668.36497676303;648700.79939596797;689146.18329531502;716731.94931305596;731723.20588225592;732861.23109137383;719609.92869347997;692213.08024222194;659634.21438232507;624069.83680608007;584066.72616610501;540960.19252401497;495118.54834703996;447453.892368;398693.53907820798;349370.96505480004;301671.32980185596;256220.02058990998;214225.19785406903;176318.68268189998;143153.898989376;114806.76631704;91369.620219814999;72216.430989948014;57149.947345919994;44892.708622649996;36106.009844280001;29036.476794239999;23716.131552749997;20174.58843543;17209.58219316;14830.194355872;13045.590859517999
;Key\Landtransporter\Personbilar\Laddhybridbilar\Körsträcka;Activity Level;Lokal miljöhänsyn;Sverige;km/fordon;;Interp;16029;16376;16133;16245;16337;16439;16463;16494;16530;16566;16601;16629;16633;16541;16505;16486;16481;16485;16486;16510;16532;16553;16575;16599;16622;16645;16669;16695;16726;16797;16843;16895;16951;17011;17071;17131;17191;17251;17313
;Key\Landtransporter\Personbilar\Laddhybridbilar\kWh per km;Activity Level;Lokal miljöhänsyn;Sverige;kWh/km;;Interp;0.52400000000000002;0.49;0.50800000000000001;0.50800000000000001;0.50900000000000001;0.50900000000000001;0.50900000000000001;0.50900000000000001;0.50900000000000001;0.50900000000000001;0.50900000000000001;0.50900000000000001;0.50900000000000001;0.50900000000000001;0.50900000000000001;0.50900000000000001;0.51;0.51;0.51;0.51;0.51;0.51;0.51;0.51;0.51;0.51;0.51;0.51;0.51;0.51;0.51;0.51;0.51;0.51;0.51;0.51;0.51;0.51;0.51
;Key\Landtransporter\Personbilar\Laddhybridbilar\Andel av personbilar;Activity Level;Lokal miljöhänsyn;Sverige;procent;;Interp;5.4800000000000001E-2;5.3900000000000003E-2;6.59E-2;7.9600000000000004E-2;9.2999999999999999E-2;0.10580000000000001;0.1181;0.1278;0.13489999999999999;0.1394;0.1414;0.14069999999999999;0.1371;0.13020000000000001;0.1229;0.1153;0.1071;9.8500000000000004E-2;8.9499999999999996E-2;8.0399999999999999E-2;7.1199999999999999E-2;6.2E-2;5.3199999999999997E-2;4.4900000000000002E-2;3.73E-2;3.0499999999999999E-2;2.46E-2;1.9599999999999999E-2;1.55E-2;1.2200000000000001E-2;9.5999999999999992E-3;7.4999999999999997E-3;6.0000000000000001E-3;4.7999999999999996E-3;3.8999999999999998E-3;3.3E-3;2.8E-3;2.3999999999999998E-3;2.0999999999999999E-3
;Key\Landtransporter\Personbilar\Laddhybridbilar\Andel av personbilskm;Activity Level;Lokal miljöhänsyn;Sverige;procent;;Interp;6.7902659722060426;6.8732798041725163;8.1330350142301491;9.7774052491239445;11.384935495399104;12.924132519815283;14.406290830000296;15.576527766805428;16.432712131665205;16.975156183648885;17.210087892382152;17.109880925350389;16.655017057888802;15.784991414681086;14.877974817312548;13.92772165896293;12.916081633152441;11.858866176789871;10.75717499198368;9.6478071841030584;8.5294010210788329;7.4170507407847071;6.3542449741841631;5.3560939044634743;4.4433974281325241;3.6300531108326552;2.9243243167687893;2.3279395711502224;1.8391531908842851;1.446797952200628;1.1374707804018889;0.88845223077813218;0.71049769460243051;0.56815978111937515;0.46151934807197237;0.3903689909953556;0.33122317113851801;0.28385435024288225;0.24829997498239773
;Key\Landtransporter\Personbilar\Etanolbilar\Antal bilar;Activity Level;Lokal miljöhänsyn;Sverige;;;Interp;160810.62586935499;176321.63248656;156704.212783872;137248.2812503;117219.922423344;99248.754876480016;83726.459429418013;70047.504160127995;58748.562697524998;49358.871688703992;41398.766952319995;34898.153861494;29918.137079160002;25519.376230127997;21468.973617;18402.75321024;15815.065414394998;13180.755959975997;11617.306720992001;9461.0897640000003;8399.4425367599997;6762.0186784799989;5670.5137180799993;5135.8133303099994;4594.6423132240006;3468.5642494799995;3491.5585119359998;2928.7440387000006;2357.9256830920003;2367.7518357360004;1785.9358545599998;1795.7083449059996;1203.5336614759999;1209.8531997600001;1216.2118745;1222.7023294200001;614.62793547000001;617.92476482800009;621.21861235799997
;Key\Landtransporter\Personbilar\Etanolbilar\Körsträcka;Activity Level;Lokal miljöhänsyn;Sverige;km/fordon;;Interp;11434;10719;10577;10664;10735;10809;10831;10857;10884;10911;10936;10957;10961;10902;10880;10869;10868;10872;10874;10891;10907;10922;10938;10954;10970;10985;11001;11018;11039;11085;11115;11149;11185;11224;11263;11303;11342;11382;11423
;Key\Landtransporter\Personbilar\Etanolbilar\kWh per km;Activity Level;Lokal miljöhänsyn;Sverige;kWh/km;;Interp;0.83799999999999997;0.81100000000000005;0.79300000000000004;0.77400000000000002;0.76100000000000001;0.753;0.74299999999999999;0.73399999999999999;0.72299999999999998;0.71299999999999997;0.70299999999999996;0.69399999999999995;0.68500000000000005;0.67800000000000005;0.67300000000000004;0.66900000000000004;0.66600000000000004;0.66500000000000004;0.66500000000000004;0.66600000000000004;0.66800000000000004;0.67100000000000004;0.67500000000000004;0.68100000000000005;0.68600000000000005;0.69199999999999995;0.69799999999999995;0.70399999999999996;0.71;0.71499999999999997;0.71899999999999997;0.72199999999999998;0.72399999999999998;0.72499999999999998;0.72599999999999998;0.72799999999999998;0.72799999999999998;0.72899999999999998;0.72799999999999998
;Key\Landtransporter\Personbilar\Etanolbilar\Andel av personbilar;Activity Level;Lokal miljöhänsyn;Sverige;procent;;Interp;3.1899999999999998E-2;3.4799999999999998E-2;3.1199999999999999E-2;2.7400000000000001E-2;2.3400000000000001E-2;1.9800000000000002E-2;1.66E-2;1.38E-2;1.15E-2;9.5999999999999992E-3;8.0000000000000002E-3;6.7000000000000002E-3;5.7000000000000002E-3;4.7999999999999996E-3;4.0000000000000001E-3;3.3999999999999998E-3;2.8999999999999998E-3;2.3999999999999998E-3;2.0999999999999999E-3;1.6999999999999999E-3;1.5E-3;1.1999999999999999E-3;1E-3;8.9999999999999998E-4;8.0000000000000004E-4;5.9999999999999995E-4;5.9999999999999995E-4;5.0000000000000001E-4;4.0000000000000002E-4;4.0000000000000002E-4;2.9999999999999997E-4;2.9999999999999997E-4;2.0000000000000001E-4;2.0000000000000001E-4;2.0000000000000001E-4;2.0000000000000001E-4;1E-4;1E-4;1E-4
;Key\Landtransporter\Personbilar\Etanolbilar\Andel av personbilskm;Activity Level;Lokal miljöhänsyn;Sverige;procent;;Interp;2.8196075793348823;2.9046977210055767;2.5244640590305361;2.209334792151294;1.8823189866585315;1.5903438963686285;1.3322015849584916;1.1071404896066204;0.9223819964204657;0.7699617250098828;0.64142800549102486;0.53685032544712263;0.45631219230796288;0.38354737891150675;0.31920177259668181;0.27077214287436685;0.23062446638657841;0.19056303969782876;0.16648247594671095;0.13456811616622588;0.11855222677211665;9.4720997683901617E-2;7.8820049589614749E-2;7.0849234573719319E-2;6.2895513051585819E-2;4.7128178212327884E-2;4.7072178395668678E-2;3.9192410954845873E-2;3.1324477748256141E-2;3.1304878408505744E-2;2.3457422453257645E-2;2.3451562997207208E-2;1.5627232836072962E-2;1.5619857208286467E-2;1.5615303257840557E-2;1.5609981215059372E-2;7.8046095694862573E-3;7.8034853401360458E-3;7.8012685601624148E-3
;Key\Landtransporter\Personbilar\Fordonsgasbilar\Antal bilar;Activity Level;Lokal miljöhänsyn;Sverige;;;Interp;40328.683603600002;37493.68047128;35660.253550175999;32558.898836749995;30056.390364960003;27067.842239040001;24210.060557903998;21826.396223807998;19412.56854353;16967.112142991999;14489.568433312001;12500.831233967998;10497.5919576;9038.1124148369981;7514.1407659500001;6495.0893683199993;4908.1237492949995;4393.5853199920002;3319.230491712;2782.67346;2239.8513431360002;1690.5046696199997;1701.1541154239999;1141.2918511799999;1148.6605783060002;578.09404157999995;581.92641865600001;585.74880774000007;589.48142077300008;591.93795893400011;595.31195152000009;0;0;0;0;0;0;0;0
;Key\Landtransporter\Personbilar\Fordonsgasbilar\Körsträcka;Activity Level;Lokal miljöhänsyn;Sverige;km/fordon;;Interp;16335;17281;15973;16105;16212;16325;16358;16396;16437;16478;16515;16547;16553;16465;16431;16415;16413;16420;16423;16449;16472;16495;16518;16543;16567;16590;16614;16640;16671;16741;16786;16837;16893;16951;17010;17070;17129;17189;17251
;Key\Landtransporter\Personbilar\Fordonsgasbilar\kWh per km;Activity Level;Lokal miljöhänsyn;Sverige;kWh/km;;Interp;0.95199999999999996;0.95399999999999996;0.95199999999999996;0.95099999999999996;0.95;0.94899999999999995;0.94899999999999995;0.94899999999999995;0.94799999999999995;0.94799999999999995;0.94799999999999995;0.94799999999999995;0.94799999999999995;0.94899999999999995;0.94899999999999995;0.95;0.95;0.95;0.95099999999999996;0.95099999999999996;0.95099999999999996;0.95199999999999996;0.95199999999999996;0.95199999999999996;0.95199999999999996;0.95199999999999996;0.95199999999999996;0.95199999999999996;0.95199999999999996;0.95199999999999996;0.95299999999999996;0.95299999999999996;0.95199999999999996;0.95199999999999996;0.95199999999999996;0.95199999999999996;0.95199999999999996;0.95199999999999996;0.95099999999999996
;Key\Landtransporter\Personbilar\Fordonsgasbilar\Andel av personbilar;Activity Level;Lokal miljöhänsyn;Sverige;procent;;Interp;8.0000000000000002E-3;7.4000000000000003E-3;7.1000000000000004E-3;6.4999999999999997E-3;6.0000000000000001E-3;5.4000000000000003E-3;4.7999999999999996E-3;4.3E-3;3.8E-3;3.3E-3;2.8E-3;2.3999999999999998E-3;2E-3;1.6999999999999999E-3;1.4E-3;1.1999999999999999E-3;8.9999999999999998E-4;8.0000000000000004E-4;5.9999999999999995E-4;5.0000000000000001E-4;4.0000000000000002E-4;2.9999999999999997E-4;2.9999999999999997E-4;2.0000000000000001E-4;2.0000000000000001E-4;1E-4;1E-4;1E-4;1E-4;1E-4;1E-4;0;0;0;0;0;0;0;0
;Key\Landtransporter\Personbilar\Fordonsgasbilar\Andel av personbilskm;Activity Level;Lokal miljöhänsyn;Sverige;procent;;Interp;1.0102036286965796;0.99579059244772283;0.86755483398227651;0.79152551383527148;0.72889196402154732;0.65506936412125893;0.58178797877358279;0.52097894840193693;0.46028899961347441;0.39971623347951996;0.3390283676608904;0.29041381035522157;0.24179301476442661;0.20515507302602212;0.16872072738397315;0.14433033155112701;0.10809067525423011;9.5935893789500543E-2;7.1839557068573368E-2;5.9777121498545735E-2;4.7744073332485086E-2;3.5763204010161996E-2;3.5708984616600561E-2;2.3777390046315676E-2;2.3746352888004151E-2;1.1862486368419354E-2;1.1848273973057592E-2;1.1838114327257855E-2;1.1826487194065998E-2;1.1819462549318779E-2;1.180855580447992E-2;0;0;0;0;0;0;0;0
;Key\Landtransporter\Lätta lastbilar\fordonskm lastbilar;Activity Level;Lokal miljöhänsyn;Sverige;km;;Interp;9578788934;10092005646;9657584652;9745601400;9834389632;9923817215;10014171962;10104943375;10197177566;10289783911;10383524950;10477804151;10573420833;10669439895;10766481485;10864575077;10963473660;11063584797;11164097735;11265567545;11368069138;11471514722;11575732571;11681356683;11787630438;11895310494;12002976960;12112367634;12222617128;12333606174;12446451630;12559255928;12673786093;12788721031;12905200695;13022716460;13141286516;13261030331;13381899281
;Key\Landtransporter\Lätta lastbilar\bensinlastbilsandel av lastbilskm;Activity Level;Lokal miljöhänsyn;Sverige;;;Interp;3.0538213757033597E-2;3.0397318309229173E-2;2.7840190864319228E-2;2.6028569976194595E-2;2.4380413932332593E-2;2.3417784000367644E-2;2.2704439354823216E-2;2.2007329655125356E-2;2.1273344863905648E-2;2.0459531688993504E-2;1.9518569943822402E-2;1.8440035069901547E-2;1.7213498154916389E-2;1.5837087388175405E-2;1.4544005227535113E-2;1.3321790955856266E-2;1.216247661418653E-2;1.1061107429951937E-2;1.0013314345102336E-2;9.0140136832316149E-3;8.071146373775687E-3;7.1858631573658719E-3;6.3629676608568221E-3;5.6068397513549329E-3;4.9223549470087313E-3;4.3100780787403972E-3;3.7707857934603582E-3;3.3012909786321303E-3;2.8966431353637015E-3;2.551394179127938E-3;2.2561096796710083E-3;2.0054862441210696E-3;1.7925377494376179E-3;1.6104397734594701E-3;1.4556629876572409E-3;1.3219602110572251E-3;1.2067624414620138E-3;1.106246168950113E-3;1.0172188352461416E-3
;Key\Landtransporter\Lätta lastbilar\diesellastbilsandel av lastbilskm;Activity Level;Lokal miljöhänsyn;Sverige;;;Interp;0.945042060366167;0.9408107316867429;0.92583571547036125;0.90184331774537796;0.8688804423810732;0.84475992436948566;0.81443360239353557;0.77916394726952143;0.73903519480990476;0.6942178733572435;0.64516460202659787;0.59251911245234345;0.537103128466768;0.47909321091873491;0.42500090734145723;0.37479007997470348;0.32837036888543952;0.28556233462925029;0.24627519726743058;0.210416194348955;0.17797723918100258;0.14892330876965074;0.12320814732477807;0.10076113819150299;8.1464151344986371E-2;6.5142083713649379E-2;5.1581208400486675E-2;4.0507617323531447E-2;3.1623546410084358E-2;2.458823929689714E-2;1.9067411263462244E-2;1.4781030107534569E-2;1.1475018982711499E-2;8.9460725370951281E-3;7.0236683754262216E-3;5.5681011886209797E-3;4.4642295812188804E-3;3.6262292446150955E-3;2.9811322116765227E-3
;Key\Landtransporter\Lätta lastbilar\ellastbilsandel av lastbilskm;Activity Level;Lokal miljöhänsyn;Sverige;;;Interp;8.4022139494403861E-3;1.0455080357770145E-2;2.564782281755142E-2;4.9098461999482146E-2;8.2816062254630021E-2;0.10650292746247443;0.13590692052867306;0.17072155023332825;0.21091628247910027;0.25637273035247127;0.30669148774954308;0.36124347672968832;0.41920935485383232;0.48042197232884831;0.53764687405673828;0.59090339332191444;0.64028399882159248;0.68596851836467199;0.72804758941856396;0.76661410252988726;0.80165368642394685;0.83318676858513641;0.86123815696778505;0.88584918428691051;0.90711446793663042;0.9251975982931413;0.94029781891708308;0.9526919595478982;0.96268673073664157;0.97064157158160935;0.97691823038884862;0.98181828642484215;0.98561999495157493;0.98854787913154218;0.99079230941010954;0.99250737645254694;0.9938241112161138;0.99483813268717269;0.99563003787638504
;Key\Landtransporter\Lätta lastbilar\laddhybridlastbilsandel av lastbilskm;Activity Level;Lokal miljöhänsyn;Sverige;;;Interp;4.9246215074812713E-4;4.5417334876508847E-4;6.9575098144322224E-4;2.4536263098139843E-3;4.4077766513288376E-3;6.5735491279904634E-3;9.0362888058422575E-3;1.1097503057507237E-2;1.274250322297467E-2;1.3957491065139629E-2;1.4723021395542562E-2;1.5031463532840374E-2;1.4885631668870509E-2;1.4283693474051853E-2;1.3626728676810612E-2;1.2924396674957046E-2;1.2174968275520079E-2;1.1373515755410539E-2;1.0517863851359412E-2;9.6060344556746433E-3;8.6508134148541634E-3;7.6689203764245496E-3;6.6850901681909632E-3;5.7268471304669942E-3;4.8223543568816458E-3;3.9906003314452033E-3;3.2507857117472965E-3;2.6112567712374638E-3;2.0742151811269597E-3;1.6339805013787041E-3;1.2801983628485769E-3;1.0002050338025407E-3;7.8316676067952313E-4;6.1731067405906891E-4;4.9200164724753242E-4;3.9786722040018984E-4;3.2796332343508277E-4;2.7497546638406825E-4;2.3552112699539603E-4
;Key\Landtransporter\Lätta lastbilar\etanollastbilsandel av lastbilskm;Activity Level;Lokal miljöhänsyn;Sverige;;;Interp;6.0497535126082984E-3;9.3343057172522708E-3;1.1677729894569916E-2;1.2655127060706588E-2;1.2016279547790039E-2;1.1528864299018631E-2;1.0960014509085779E-2;1.0356299893664669E-2;9.7260643308483899E-3;9.0697756927851977E-3;8.3924640639496898E-3;7.694582647100291E-3;6.9817684518525581E-3;6.2475753794009256E-3;5.5145336090270539E-3;4.8011133091091255E-3;4.1170382125039007E-3;3.4754102495265578E-3;2.8911807981408717E-3;2.372044186256752E-3;1.9241754896512136E-3;1.547089153445799E-3;1.2346166354779034E-3;9.812065765169649E-4;7.7827550229480648E-4;6.1754621736904449E-4;4.9243050450710859E-4;3.9518863236644061E-4;3.2102682747144626E-4;2.6415704815255762E-4;2.1997988514257377E-4;1.8696410149306736E-4;1.6094748522910865E-4;1.4046940234644642E-4;1.2286070069520913E-4;1.093013123930059E-4;9.5982839919384955E-5;8.5334244154063835E-5;7.6088302461346259E-5
;Key\Landtransporter\Lätta lastbilar\fordonsgaslastbilsandel av lastbilskm;Activity Level;Lokal miljöhänsyn;Sverige;;;Interp;9.7291571661223958E-3;8.4810564918702987E-3;8.1996238038256029E-3;7.5581190915524205E-3;6.8468745412424998E-3;6.2463816752191155E-3;5.6284596683461663E-3;5.0233409645405363E-3;4.437726783427084E-3;3.879732494413507E-3;3.3560183240085536E-3;2.8730286008568856E-3;2.4298618588805771E-3;2.0264420825063375E-3;1.672430405893184E-3;1.3661802596791977E-3;1.106981087962955E-3;8.9058819368128899E-4;7.113920164906188E-4;5.6725060450560729E-4;4.511941243262344E-4;3.5897813844081819E-4;2.8657762950664147E-4;2.3002807575514558E-4;1.8641600714900186E-4;1.5284216422236754E-4;1.265251116503018E-4;1.0644822209497344E-4;9.0817865631829354E-5;7.8726690823556052E-5;6.8425767063379499E-5;5.9901956319143498E-5;5.2315227283677023E-5;4.6414336395418709E-5;4.061695841763118E-5;3.6445852250399072E-5;3.2345006669056328E-5;2.8317256700798357E-5;2.5102565259697385E-5
;Key\Landtransporter\Lätta lastbilar\bensinlastbilar;Activity Level;Lokal miljöhänsyn;Sverige;;;Interp;39918;43122;39750;37591;35947;34696;33915;33142;32305;31328;30146;28726;27060;25156;23333;21583;19896;18265;16690;15170;13715;12331;11028;9815;8703;7697;6801;6013;5328;4737;4229;3795;3424;3105;2833;2597;2393;2214;2055
;Key\Landtransporter\Lätta lastbilar\diesellastbilar;Activity Level;Lokal miljöhänsyn;Sverige;;;Interp;541733;545796;540556;532667;523874;511860;497522;479881;458929;434722;407462;377496;345271;311193;278840;248319;219651;192831;167874;144805;123671;104507;87327;72135;58905;47574;38044;30173;23786;18668;14617;11438;8964;7054;5590;4473;3620;2968;2463
;Key\Landtransporter\Lätta lastbilar\ellastbilar;Activity Level;Lokal miljöhänsyn;Sverige;;;Interp;13602;20010;28869;39496;52572;67947;87417;110706;137904;169028;203941;242320;283733;328558;371419;412220;450966;487711;522499;555499;586514;615607;642735;667737;690611;711410;730226;747174;762428;775960;788481;799981;810665;820713;830284;839513;848501;857329;866057
;Key\Landtransporter\Lätta lastbilar\laddhybridlastbilar;Activity Level;Lokal miljöhänsyn;Sverige;;;Interp;447;432;666;2376;4357;6530;9050;11205;12973;14329;15245;15701;15689;15211;14658;14039;13352;12592;11754;10838;9855;8823;7768;6722;5717;4778;3931;3189;2558;2034;1609;1269;1003;798;642;524;436;369;319
;Key\Landtransporter\Lätta lastbilar\etanollastbilar;Activity Level;Lokal miljöhänsyn;Sverige;;;Interp;4516;5427;6833;7491;7261;7001;6710;6392;6053;5692;5312;4913;4498;4067;3626;3188;2760;2352;1975;1636;1340;1088;877;704;564;452;364;295;242;201;169;145;126;111;98;88;78;70;63
;Key\Landtransporter\Lätta lastbilar\fordonsgaslastbilar;Activity Level;Lokal miljöhänsyn;Sverige;;;Interp;8831;8067;7849;7319;6768;6205;5637;5072;4518;3983;3475;3001;2561;2158;1799;1484;1214;986;795;640;514;413;333;270;221;183;153;130;112;98;86;76;67;60;53;48;43;38;34
;Key\Landtransporter\Lätta lastbilar\körsträcka bensinlastbilar;Activity Level;Lokal miljöhänsyn;Sverige;km/fordon;;Interp;7328;7114;6764;6748;6670;6698;6704;6710;6715;6720;6723;6726;6726;6717;6711;6706;6702;6700;6698;6694;6690;6685;6679;6673;6667;6661;6655;6650;6645;6643;6640;6637;6635;6633;6631;6629;6627;6626;6624
;Key\Landtransporter\Lätta lastbilar\körsträcka diesellastbilar;Activity Level;Lokal miljöhänsyn;Sverige;km/fordon;;Interp;16710;17396;16541;16500;16311;16378;16393;16407;16421;16432;16441;16446;16448;16426;16410;16398;16390;16384;16378;16370;16360;16347;16332;16317;16302;16288;16274;16261;16250;16245;16236;16230;16224;16219;16215;16211;16206;16202;16197
;Key\Landtransporter\Lätta lastbilar\körsträcka ellastbilar;Activity Level;Lokal miljöhänsyn;Sverige;km/fordon;;Interp;5917;5273;8580;12115;15492;15555;15569;15583;15596;15607;15615;15620;15622;15601;15585;15574;15566;15561;15556;15547;15538;15526;15511;15497;15483;15470;15456;15444;15433;15428;15421;15414;15409;15404;15400;15396;15392;15388;15384
;Key\Landtransporter\Lätta lastbilar\körsträcka laddhybridlastbilar;Activity Level;Lokal miljöhänsyn;Sverige;km/fordon;;Interp;5113;12183;11585;11552;11421;11465;11471;11478;11485;11490;11495;11498;11499;11485;11474;11467;11462;11459;11456;11451;11446;11439;11429;11420;11411;11402;11393;11385;11378;11375;11370;11365;11362;11358;11355;11353;11350;11347;11344
;Key\Landtransporter\Lätta lastbilar\körsträcka etanollastbilar;Activity Level;Lokal miljöhänsyn;Sverige;km/fordon;;Interp;12832;17358;16505;16464;16275;16342;16357;16372;16385;16396;16405;16410;16412;16390;16374;16362;16354;16348;16343;16334;16324;16312;16296;16281;16266;16252;16238;16226;16214;16209;16201;16194;16189;16184;16179;16175;16171;16166;16162
;Key\Landtransporter\Lätta lastbilar\körsträcka fordonsgaslastbilar;Activity Level;Lokal miljöhänsyn;Sverige;km/fordon;;Interp;10553;10610;10089;10064;9949;9990;9999;10008;10016;10023;10028;10031;10032;10019;10009;10002;9997;9993;9990;9985;9979;9971;9962;9952;9943;9935;9926;9918;9911;9908;9903;9899;9896;9893;9890;9888;9885;9882;9880
;Key\Landtransporter\Lätta lastbilar\antal lastbilar;Activity Level;Lokal miljöhänsyn;Sverige;;;Interp;609047;622854;624523;626940;630779;634239;640251;646398;652682;659082;665581;672157;678812;686343;693675;700833;707839;714737;721587;728588;735609;742769;750068;757383;764721;772094;779519;786974;794454;801698;809191;816704;824249;831841;839500;847243;855071;862988;870991
;Key\Landtransporter\Lätta lastbilar\kWh per km för bensinlastbilar;Activity Level;Lokal miljöhänsyn;Sverige;kWh/km;;Interp;0.84;0.89;0.88300000000000001;0.872;0.85899999999999999;0.84699999999999998;0.83599999999999997;0.82799999999999996;0.82199999999999995;0.81799999999999995;0.81399999999999995;0.81200000000000006;0.81200000000000006;0.81299999999999994;0.81399999999999995;0.81699999999999995;0.82099999999999995;0.82499999999999996;0.83099999999999996;0.83699999999999997;0.84399999999999997;0.85199999999999998;0.84799999999999998;0.84699999999999998;0.85499999999999998;0.86399999999999999;0.87;0.88200000000000001;0.89300000000000002;0.90500000000000003;0.91700000000000004;0.91600000000000004;0.93899999999999995;0.97099999999999997;0.97699999999999998;0.96799999999999997;0.93600000000000005;0.95599999999999996;0.94599999999999995
;Key\Landtransporter\Lätta lastbilar\kWh per km för diesellastbilar;Activity Level;Lokal miljöhänsyn;Sverige;kWh/km;;Interp;0.82;0.81699999999999995;0.81899999999999995;0.82099999999999995;0.82199999999999995;0.82399999999999995;0.82599999999999996;0.82699999999999996;0.82799999999999996;0.83;0.83099999999999996;0.83199999999999996;0.83299999999999996;0.83299999999999996;0.83399999999999996;0.83399999999999996;0.83499999999999996;0.83499999999999996;0.83499999999999996;0.83499999999999996;0.83499999999999996;0.83499999999999996;0.83499999999999996;0.83499999999999996;0.83499999999999996;0.83499999999999996;0.83499999999999996;0.83499999999999996;0.83499999999999996;0.83499999999999996;0.83399999999999996;0.83399999999999996;0.83399999999999996;0.83299999999999996;0.83299999999999996;0.83299999999999996;0.83199999999999996;0.83199999999999996;0.83199999999999996
;Key\Landtransporter\Lätta lastbilar\kWh per km för ellastbilar;Activity Level;Lokal miljöhänsyn;Sverige;kWh/km;;Interp;0.2;0.25900000000000001;0.253;0.25;0.248;0.247;0.246;0.246;0.245;0.245;0.245;0.245;0.245;0.24399999999999999;0.24399999999999999;0.24399999999999999;0.24399999999999999;0.24399999999999999;0.24399999999999999;0.24399999999999999;0.24399999999999999;0.24399999999999999;0.24399999999999999;0.24399999999999999;0.24399999999999999;0.24399999999999999;0.24399999999999999;0.24399999999999999;0.24399999999999999;0.24399999999999999;0.24399999999999999;0.24399999999999999;0.24399999999999999;0.24399999999999999;0.24399999999999999;0.24399999999999999;0.24399999999999999;0.24399999999999999;0.24399999999999999
;Key\Landtransporter\Lätta lastbilar\kWh per km för laddhybridlastbilar;Activity Level;Lokal miljöhänsyn;Sverige;kWh/km;;Interp;0.52;0.38100000000000001;0.377;0.36799999999999999;0.36599999999999999;0.36499999999999999;0.36499999999999999;0.36499999999999999;0.36499999999999999;0.36499999999999999;0.36499999999999999;0.36499999999999999;0.36499999999999999;0.36499999999999999;0.36499999999999999;0.36499999999999999;0.36499999999999999;0.36499999999999999;0.36499999999999999;0.36499999999999999;0.36499999999999999;0.36499999999999999;0.36499999999999999;0.36499999999999999;0.36499999999999999;0.36499999999999999;0.36499999999999999;0.36499999999999999;0.36499999999999999;0.36499999999999999;0.36499999999999999;0.36499999999999999;0.36499999999999999;0.36499999999999999;0.36499999999999999;0.36499999999999999;0.36499999999999999;0.36499999999999999;0.36499999999999999
;Key\Landtransporter\Lätta lastbilar\kWh per km för etanollastbilar;Activity Level;Lokal miljöhänsyn;Sverige;kWh/km;;Interp;1.27;1.3440000000000001;1.373;1.395;1.403;1.4059999999999999;1.4079999999999999;1.41;1.4119999999999999;1.415;1.417;1.419;1.421;1.423;1.425;1.427;1.4279999999999999;1.429;1.43;1.431;1.4319999999999999;1.4319999999999999;1.4319999999999999;1.431;1.43;1.429;1.4279999999999999;1.427;1.4239999999999999;1.4219999999999999;1.42;1.4179999999999999;1.4159999999999999;1.415;1.415;1.4139999999999999;1.4139999999999999;1.413;1.413
;Key\Landtransporter\Lätta lastbilar\kWh per km för fordonsgaslastbilar;Activity Level;Lokal miljöhänsyn;Sverige;kWh/km;;Interp;1.1100000000000001;1.1399999999999999;1.1299999999999999;1.1220000000000001;1.1220000000000001;1.121;1.121;1.1200000000000001;1.1200000000000001;1.1200000000000001;1.1200000000000001;1.119;1.119;1.119;1.1180000000000001;1.117;1.115;1.113;1.1120000000000001;1.1100000000000001;1.109;1.107;1.107;1.107;1.107;1.107;1.1080000000000001;1.1080000000000001;1.109;1.111;1.113;1.1160000000000001;1.117;1.117;1.117;1.117;1.1180000000000001;1.1180000000000001;1.1180000000000001
x;Key\Landtransporter\Lätta lastbilar\Ruttoptimeringsvektor;Activity Level;Lokal miljöhänsyn;Sverige;;;Interp;1;1;1;1;1;1;1;1;1;1;1;1;1;1;1;1;1;1;1;1;1;1;1;1;1;1;1;1;1;1;1;1;1;1;1;1;1;1;1
x;Key\Landtransporter\Lätta lastbilar\Fordonutfasningsvektor;Activity Level;Lokal miljöhänsyn;Sverige;;;Interp;1;1;1;1;1;1;1;1;1;1;1;1;1;1;1;1;1;1;1;1;1;1;1;1;1;1;1;1;1;1;1;1;1;1;1;1;1;1;1
;Key\Landtransporter\Tunga distributionslastbilar\fordonskm lastbilar;Activity Level;Lokal miljöhänsyn;Sverige;km;;Interp;1243831335;773979865;769996755;811037154;857236160;909118731;965718658;1021877773;1077045432;1128058748;1173835474;1213151186;1247172558;1276734765;1300812801;1318739566;1330312425;1335599014;1335416104;1334982275;1333538978;1331644744;1329927894;1328918754;1329023216;1330702558;1334385226;1340724839;1349757075;1361197196;1374505709;1388845899;1404212896;1420236082;1436598779;1453451400;1470762582;1488621259;1506927661
;Key\Landtransporter\Tunga distributionslastbilar\diesellastbilsandel av lastbilskm;Activity Level;Lokal miljöhänsyn;Sverige;;;Interp;0.958358590475613;0.82561450096637845;0.80015191752334069;0.76950323042783808;0.73455440097160629;0.69799593206269561;0.65780791510812875;0.62197356356433831;0.59005230524017482;0.56019664234721223;0.53209563165749074;0.50546911800983063;0.47916076742285085;0.45259193361120703;0.42643557748937005;0.40070262061129364;0.37520626404733459;0.35000320088586107;0.32485712183683535;0.29524298066054849;0.26727091737096564;0.24094270596242445;0.21625816128644942;0.19327467027378561;0.17208023700919306;0.15262552009011768;0.13489388858086773;0.1188905429087825;0.10460286640838685;9.2012054071260369E-2;8.0976183126206275E-2;7.1426238196351549E-2;6.3182880781633269E-2;5.608323926528716E-2;4.9926889155458481E-2;4.4567241808016425E-2;3.9924728653451695E-2;3.5873871662879427E-2;3.2374469102004227E-2
;Key\Landtransporter\Tunga distributionslastbilar\CNGlastbilssandel av lastbilskm;Activity Level;Lokal miljöhänsyn;Sverige;;;Interp;1.9763721421280966E-2;5.2585347294532007E-2;5.3540474985508221E-2;5.6433468891364746E-2;5.9349570601408136E-2;6.2436630183126215E-2;6.5634394111499086E-2;6.8198649428888203E-2;7.0290688536154527E-2;7.1326146925106776E-2;7.1411421665724853E-2;7.0687859015125254E-2;6.9218061643720033E-2;6.713215254227059E-2;6.4454940738240776E-2;6.113557223777117E-2;5.7146793919480979E-2;5.2447991699400877E-2;4.6981077891808921E-2;4.1422291543159254E-2;3.5938453086595872E-2;3.0627939008333591E-2;2.5613563828295792E-2;2.0986812712254041E-2;1.6785391505154866E-2;1.3089522444579234E-2;9.9012696952626485E-3;7.2621799169933932E-3;5.1751645754477705E-3;3.579099350422112E-3;2.4468352353711467E-3;1.6324546889128987E-3;1.0882053599940733E-3;7.2926467164632989E-4;4.7374048338934304E-4;3.1802232947039026E-4;2.0311028010637817E-4;1.4578321966581562E-4;8.9921370153945305E-5
;Key\Landtransporter\Tunga distributionslastbilar\LNGlastbilssandel av lastbilskm;Activity Level;Lokal miljöhänsyn;Sverige;;;Interp;8.0075487083624565E-4;9.9373256951587499E-4;1.3965890025081989E-3;1.8532763790005112E-3;2.4290260924130871E-3;3.1378970674843568E-3;4.0309141464262774E-3;4.9453115954993963E-3;5.8540900993301831E-3;6.5633470004347683E-3;7.0317597166091438E-3;7.22218310554411E-3;7.1922886231433579E-3;6.9742410437143533E-3;6.590636249435248E-3;6.0517066491049681E-3;5.3789056356441985E-3;4.5864252187895072E-3;3.7171814725996447E-3;2.9129854926350988E-3;2.2081514290765636E-3;1.613910924579146E-3;1.1338840299562887E-3;7.6457947255366974E-4;4.9245264651569492E-4;3.0111086627970546E-4;1.7338396400980538E-4;9.3997661812544371E-5;4.8175335550658255E-5;2.3276568665514646E-5;1.1006865887088141E-5;4.9602335327196727E-6;2.2332795895359731E-6;1.0167323716818511E-6;4.3505536071460076E-7;1.9883705777847131E-7;8.2270246388414039E-8;4.2992802644100896E-8;1.659004652115149E-8
;Key\Landtransporter\Tunga distributionslastbilar\ellastbilsandel av lastbilskm;Activity Level;Lokal miljöhänsyn;Sverige;;;Interp;2.1139666818250722E-3;8.4897105172109348E-3;1.3249172718916199E-2;2.2103707470841713E-2;3.4411184894486954E-2;4.7182206831023921E-2;6.2721066325302374E-2;7.74927365016677E-2;9.1600720887696038E-2;0.11028271375100404;0.13328044982903625;0.16054321031673954;0.19186308218946554;0.22710675697782851;0.26526944594543544;0.30636751820942937;0.35056838621950026;0.39813474510396724;0.44935335900367424;0.50563615161107667;0.55992127138259018;0.61172906337848321;0.66054776650921199;0.70579748549473775;0.74713439768835466;0.78437618814587118;0.81745327716930227;0.84615768426141613;0.87048991834326928;0.89076210821110158;0.90724736524175476;0.92071705069706944;0.93157979942095615;0.94040692031932194;0.94779303790567959;0.95390215730639494;0.95909772132073456;0.96342449117206919;0.96719274967240776
;Key\Landtransporter\Tunga distributionslastbilar\diesellastbilar;Activity Level;Lokal miljöhänsyn;Sverige;;;Interp;34249;30429;30340;30205;30038;29814;29529;29280;29060;28723;28257;27647;26880;25954;24913;23760;22495;21135;19694;17963;16303;14726;13241;11857;10583;9418;8362;7416;6577;5839;5194;4634;4149;3729;3362;3040;2759;2512;2297
;Key\Landtransporter\Tunga distributionslastbilar\CNGlastbilar;Activity Level;Lokal miljöhänsyn;Sverige;;;Interp;998;1480;1591;1736;1902;2090;2309;2516;2713;2866;2972;3030;3043;3017;2951;2841;2685;2482;2232;1975;1718;1467;1229;1009;809;633;481;355;255;178;123;83;56;38;25;17;11;8;5
;Key\Landtransporter\Tunga distributionslastbilar\LNGgaslastbilar;Activity Level;Lokal miljöhänsyn;Sverige;;;Interp;998;877;1037;1226;1443;1689;1973;2248;2511;2721;2873;2960;2995;2984;2928;2825;2675;2475;2228;1972;1716;1466;1228;1008;809;633;481;355;255;178;123;83;56;38;25;17;11;8;5
;Key\Landtransporter\Tunga distributionslastbilar\ellastbilar;Activity Level;Lokal miljöhänsyn;Sverige;;;Interp;214;287;470;752;1136;1627;2273;2945;3642;4565;5714;7089;8689;10514;12511;14666;16968;19409;21992;24835;27573;30184;32650;34955;37095;39075;40909;42609;44186;45636;46981;48225;49386;50480;51523;52529;53507;54463;55401
;Key\Landtransporter\Tunga distributionslastbilar\körsträcka diesellastbilar;Activity Level;Lokal miljöhänsyn;Sverige;km/fordon;;Interp;34805;21000;20307;20662;20963;21284;21513;21707;21869;22001;22104;22180;22232;22264;22266;22240;22189;22118;22028;21942;21862;21788;21721;21662;21610;21565;21526;21494;21467;21450;21429;21407;21384;21360;21334;21308;21283;21259;21239
;Key\Landtransporter\Tunga distributionslastbilar\körsträcka CNGlastbilar;Activity Level;Lokal miljöhänsyn;Sverige;km/fordon;;Interp;24632;27500;25912;26365;26749;27159;27451;27699;27905;28074;28205;28302;28369;28409;28412;28378;28314;28223;28109;27999;27896;27802;27717;27641;27575;27517;27468;27427;27393;27370;27343;27316;27287;27256;27223;27190;27157;27127;27101
;Key\Landtransporter\Tunga distributionslastbilar\körsträcka LNGlastbilar;Activity Level;Lokal miljöhänsyn;Sverige;km/fordon;;Interp;24632;100000;98799;100526;101992;103553;104666;105613;106399;107041;107542;107913;108168;108321;108330;108204;107956;107611;107174;106757;106364;106005;105680;105392;105139;104919;104730;104575;104445;104359;104257;104151;104040;103923;103799;103672;103547;103432;103333
;Key\Landtransporter\Tunga distributionslastbilar\körsträcka ellastbilar;Activity Level;Lokal miljöhänsyn;Sverige;km/fordon;;Interp;12287;22895;21706;23839;25967;26364;26648;26889;27089;27252;27380;27474;27539;27578;27581;27548;27485;27397;27286;27180;27080;26988;26906;26833;26768;26712;26664;26625;26591;26569;26543;26516;26488;26458;26427;26394;26363;26333;26308
;Key\Landtransporter\Tunga distributionslastbilar\kWh per km för diesellastbilar;Activity Level;Lokal miljöhänsyn;Sverige;kWh/km;;Interp;2.19;2.19;2.16;2.12;2.08;2.0499999999999998;2.0099999999999998;1.98;1.95;1.92;1.9;1.88;1.86;1.85;1.84;1.83;1.82;1.82;1.81;1.81;1.81;1.81;1.81;1.81;1.82;1.82;1.83;1.83;1.84;1.85;1.86;1.87;1.88;1.9;1.91;1.92;1.94;1.95;1.96
;Key\Landtransporter\Tunga distributionslastbilar\kWh per km för CNGlastbilar;Activity Level;Lokal miljöhänsyn;Sverige;kWh/km;;Interp;2.4;2.2400000000000002;2.21;2.17;2.14;2.1;2.0699999999999998;2.0299999999999998;2;1.97;1.95;1.93;1.92;1.9;1.89;1.89;1.88;1.88;1.87;1.87;1.86;1.86;1.86;1.86;1.86;1.86;1.86;1.86;1.86;1.86;1.86;1.86;1.86;1.86;1.86;1.86;1.86;1.86;1.86
;Key\Landtransporter\Tunga distributionslastbilar\kWh per km för LNGlastbilar;Activity Level;Lokal miljöhänsyn;Sverige;kWh/km;;Interp;2.4;2.0499999999999998;2.04;2.0299999999999998;2.0099999999999998;1.99;1.97;1.94;1.92;1.9;1.89;1.87;1.86;1.85;1.84;1.84;1.83;1.82;1.82;1.82;1.81;1.81;1.81;1.81;1.81;1.81;1.81;1.81;1.81;1.81;1.81;1.81;1.81;1.81;1.81;1.81;1.81;1.81;1.81
;Key\Landtransporter\Tunga distributionslastbilar\kWh per km för ellastbilar;Activity Level;Lokal miljöhänsyn;Sverige;kWh/km;;Interp;1;1;1;1;1;1;1;1;1;1;1;1;1;1;1;1;1;1;1;1;1;1;1;1;1;1;1;1;1;1;1;1;1;1;1;1;1;1;1
x;Key\Landtransporter\Tunga distributionslastbilar\Miljözon;Activity Level;Lokal miljöhänsyn;Sverige;;;Interp;1;1;1;1;1;1;1;1;1;1;1;1;1;1;1;1;1;1;1;1;1;1;1;1;1;1;1;1;1;1;1;1;1;1;1;1;1;1;1
x;Key\Landtransporter\Tunga distributionslastbilar\Snabbare införande av längre och tyngre fordon samt tillåtlighet på fler sträckor;Activity Level;Lokal miljöhänsyn;Sverige;;;Interp;1;1;1;1;1;1;1;1;1;1;1;1;1;1;1;1;1;1;1;1;1;1;1;1;1;1;1;1;1;1;1;1;1;1;1;1;1;1;1
;Key\Landtransporter\Tunga fjärrlastbilar\fordonskm lastbilar;Activity Level;Lokal miljöhänsyn;Sverige;km;;Interp;3771366774;4133516724;4159793247;4183304718;4202455210;4216925176;4227582094;4239286733;4253157669;4272023700;4297042768;4329232856;4367779369;4411760048;4462239403;4519859037;4584821210;4656880230;4735707791;4815648358;4897673317;4981191284;5065600540;5150253233;5235158348;5319554174;5402874743;5484776066;5565121991;5644212622;5722776184;5801323362;5880088464;5959705935;6039923870;6121064676;6202819081;6285773710;6369196245
;Key\Landtransporter\Tunga fjärrlastbilar\diesellastbilsandel av lastbilskm;Activity Level;Lokal miljöhänsyn;Sverige;;;Interp;0.97123025086077186;0.99533154810092894;0.99221018520010107;0.98730822266626961;0.9790885897389493;0.96988192327366063;0.95921278968308543;0.94724978066257171;0.93408553084139145;0.91760421413392435;0.89799579416240993;0.87548474777629282;0.85024418159890802;0.8224602944226127;0.78891389637975462;0.75022504379930288;0.70702522967084247;0.65983462495018907;0.60912927915066117;0.56127492625365816;0.51632690041257812;0.47434638107344768;0.43527258073136577;0.3991025440903791;0.36574895212701597;0.33514199379972326;0.30720302356637474;0.28183754403073563;0.25891644645530648;0.23907388512267849;0.22197287595338186;0.20731852319732838;0.19478031699898588;0.18409450918655099;0.17499599345115588;0.16728788081833365;0.16079063196523369;0.15534625187771833;0.15079577674404032
;Key\Landtransporter\Tunga fjärrlastbilar\CNGlastbilsandel av lastbilskm;Activity Level;Lokal miljöhänsyn;Sverige;;;Interp;9.4796412394760089E-3;0;7.7218260843049061E-4;1.7578303508130914E-3;2.8997348909282012E-3;4.2513372307462537E-3;5.896064333174366E-3;7.9173297570858132E-3;1.0288562852711867E-2;1.2646990230882848E-2;1.4951123009162473E-2;1.7160169589177671E-2;1.9243098357150559E-2;2.1133864032851862E-2;2.279074267768506E-2;2.4186179282387209E-2;2.5300923784550369E-2;2.6144387226381384E-2;2.6726908750692384E-2;2.7081880424957724E-2;2.7271794453170139E-2;2.7312068989800313E-2;2.7283372012590634E-2;2.7194268643450217E-2;2.7080652499109469E-2;2.6964213787138321E-2;2.6862814132058068E-2;2.6794447071597179E-2;2.6771283763579946E-2;2.6780139963338185E-2;2.6830870728317829E-2;2.6893084433447928E-2;2.6964836663722683E-2;2.7056285118537481E-2;2.7140256156904175E-2;2.7215518838278649E-2;2.728594527582353E-2;2.7364200802577093E-2;2.7428113890687632E-2
;Key\Landtransporter\Tunga fjärrlastbilar\LNGlastbilsandel av lastbilskm;Activity Level;Lokal miljöhänsyn;Sverige;;;Interp;9.4796412394760089E-3;3.4927885778647211E-3;4.1118723898923622E-3;5.078176569015597E-3;6.193991535724184E-3;7.4847486456800245E-3;9.0553889076056809E-3;1.0914170688156657E-2;1.307420141164769E-2;1.5151949648593944E-2;1.7086997724757112E-2;1.8882264530240365E-2;2.0551468015325019E-2;2.2091772884199255E-2;2.3461638998932929E-2;2.4633711159696065E-2;2.5607137688145532E-2;2.6350987987509396E-2;2.6855668806614507E-2;2.717197317420908E-2;2.7324749393855909E-2;2.7363960191174222E-2;2.731728546443972E-2;2.7210901223660277E-2;2.709697597861466E-2;2.6980244829817951E-2;2.6878569448264552E-2;2.6809944149140036E-2;2.6771283763579946E-2;2.6780139963338185E-2;2.6830870728317829E-2;2.6893084433447928E-2;2.6964836663722683E-2;2.7056285118537481E-2;2.7140256156904175E-2;2.7215518838278649E-2;2.728594527582353E-2;2.7364200802577093E-2;2.7428113890687632E-2
;Key\Landtransporter\Tunga fjärrlastbilar\ellastbilsandel av lastbilskm;Activity Level;Lokal miljöhänsyn;Sverige;;;Interp;3.3082542080008258E-4;1.1756633212063907E-3;2.905759801576023E-3;5.8557704139017494E-3;1.181768383439832E-2;1.8381990849913054E-2;2.5835757076134499E-2;3.3918718892185867E-2;4.2551704894249011E-2;5.3705468909266585E-2;6.7276508661456264E-2;8.3096833542094878E-2;0.10100430143773592;0.12090267879410291;0.1461390120757714;0.17625707427565512;0.21068930690102089;0.24905025526069843;0.29092758692129367;0.3299551727775884;0.36607836986118852;0.39927657092559871;0.42958449996532888;0.45702546409138867;0.48162571223146505;0.50338387549242014;0.52231251143776514;0.53839547220632145;0.55171307672417924;0.56247773225719566;0.57102103331182796;0.57777589419605258;0.58312148260904129;0.58733465210813296;0.59073814120773016;0.59353017494566329;0.59586126481124757;0.59782221463394047;0.59956668127439683
;Key\Landtransporter\Tunga fjärrlastbilar\bränslecellslastbilsandel av lastbilskm;Activity Level;Lokal miljöhänsyn;Sverige;;;Interp;9.4796412394760089E-3;0;0;0;0;0;0;0;0;8.9137707733222542E-4;2.6895764422142704E-3;5.375984562194222E-3;8.9569505908804522E-3;1.3411389866233268E-2;1.8694709867856006E-2;2.4697991482958721E-2;3.1377401955440698E-2;3.8619744575221771E-2;4.6360556370738291E-2;5.4516047369586616E-2;6.2998185879207344E-2;7.1701018819979132E-2;8.0542261826274997E-2;8.9466821951121725E-2;9.8447707163794848E-2;0.10752967209090029;0.11674308141553745;0.12616259254220571;0.13582790929335442;0.14488810269344951;0.15334434927815446;0.16111941373972319;0.16816852706452751;0.17445826846824114;0.17998535302730562;0.18475090655944573;0.18877621267187172;0.19210313188318706;0.1947813142001876
;Key\Landtransporter\Tunga fjärrlastbilar\diesellastbilar;Activity Level;Lokal miljöhänsyn;Sverige;;;Interp;53666;53293;53492;53621;53615;53463;53339;53132;52863;52425;51843;51135;50297;49319;48002;46367;44429;42180;39613;37113;34711;32421;30252;28216;26320;24564;22947;21464;20110;18935;17934;17088;16377;15787;15301;14909;14600;14366;14195
;Key\Landtransporter\Tunga fjärrlastbilar\CNGlastbilar;Activity Level;Lokal miljöhänsyn;Sverige;;;Interp;612;0;40;90;147;213;293;391;506;621;735;847;956;1059;1155;1243;1322;1392;1453;1503;1545;1579;1609;1635;1659;1682;1705;1729;1755;1782;1812;1843;1875;1909;1943;1977;2011;2046;2080
;Key\Landtransporter\Tunga fjärrlastbilar\LNGlastbilar;Activity Level;Lokal miljöhänsyn;Sverige;;;Interp;612;175;213;260;314;375;450;539;643;744;840;932;1021;1107;1189;1266;1338;1403;1460;1508;1548;1582;1611;1636;1660;1683;1706;1730;1755;1782;1812;1843;1875;1909;1943;1977;2011;2046;2080
;Key\Landtransporter\Tunga fjärrlastbilar\ellastbilar;Activity Level;Lokal miljöhänsyn;Sverige;;;Interp;102;161;288;418;657;1010;1408;1837;2295;2892;3627;4498;5503;6644;8122;9934;12073;14542;17345;20082;22744;25315;27783;30134;32357;34436;36356;38100;39664;41046;42291;43423;44467;45446;46380;47283;48161;49020;49863
;Key\Landtransporter\Tunga fjärrlastbilar\bränslecellslastbilar;Activity Level;Lokal miljöhänsyn;Sverige;;;Interp;612;0;0;0;0;0;0;0;0;48;145;291;488;737;1039;1392;1798;2255;2764;3318;3914;4546;5209;5899;6614;7356;8126;8928;9765;10573;11357;12109;12824;13499;14131;14718;15258;15752;16199
;Key\Landtransporter\Tunga fjärrlastbilar\körsträcka diesellastbilar;Activity Level;Lokal miljöhänsyn;Sverige;km/fordon;;Interp;68253;77200;77159;77026;76743;76500;76026;75579;75153;74774;74431;74121;73835;73572;73337;73132;72961;72849;72821;72829;72853;72879;72885;72848;72749;72578;72331;72019;71651;71264;70832;70384;69935;69497;69078;68682;68312;67971;67661
;Key\Landtransporter\Tunga fjärrlastbilar\körsträcka CNGlastbilar;Activity Level;Lokal miljöhänsyn;Sverige;km/fordon;;Interp;58417;80303;80303;81706;82898;84167;85072;85841;86480;87002;87409;87710;87918;88043;88050;87947;87746;87465;87110;86771;86452;86160;85896;85662;85456;85278;85124;84998;84892;84822;84739;84653;84563;84467;84367;84263;84162;84069;83988
;Key\Landtransporter\Tunga fjärrlastbilar\körsträcka LNGlastbilar;Activity Level;Lokal miljöhänsyn;Sverige;km/fordon;;Interp;58417;82500;80303;81706;82898;84167;85072;85841;86480;87002;87409;87710;87918;88043;88050;87947;87746;87465;87110;86771;86452;86160;85896;85662;85456;85278;85124;84998;84892;84822;84739;84653;84563;84467;84367;84263;84162;84069;83988
;Key\Landtransporter\Tunga fjärrlastbilar\körsträcka ellastbilar;Activity Level;Lokal miljöhänsyn;Sverige;km/fordon;;Interp;12232;30184;41970;58604;75591;76748;77573;78275;78858;79333;79705;79979;80168;80282;80289;80195;80011;79755;79432;79123;78831;78565;78325;78111;77924;77761;77621;77506;77409;77346;77270;77191;77109;77022;76930;76836;76743;76658;76585
;Key\Landtransporter\Tunga fjärrlastbilar\körsträcka bränslecellslastbilar;Activity Level;Lokal miljöhänsyn;Sverige;km/fordon;;Interp;58417;79333;79333;79333;79333;79333;79333;79333;79333;79333;79705;79979;80168;80282;80289;80195;80011;79755;79432;79123;78831;78565;78325;78111;77924;77761;77621;77506;77409;77346;77270;77191;77109;77022;76930;76836;76743;76658;76585
;Key\Landtransporter\Tunga fjärrlastbilar\kWh per km för diesellastbilar;Activity Level;Lokal miljöhänsyn;Sverige;kWh/km;;Interp;3.52;3.41;3.34;3.28;3.21;3.15;3.09;3.03;2.98;2.93;2.88;2.85;2.82;2.79;2.77;2.76;2.75;2.74;2.73;2.73;2.72;2.72;2.71;2.71;2.71;2.71;2.71;2.71;2.7;2.7;2.7;2.7;2.7;2.7;2.7;2.7;2.7;2.7;2.7
;Key\Landtransporter\Tunga fjärrlastbilar\kWh per km för CNGlastbilar;Activity Level;Lokal miljöhänsyn;Sverige;kWh/km;;Interp;2.65;2.65;2.64;2.62;2.59;2.57;2.54;2.5099999999999998;2.4700000000000002;2.44;2.42;2.4;2.39;2.37;2.37;2.36;2.35;2.35;2.34;2.34;2.34;2.34;2.34;2.34;2.34;2.34;2.34;2.34;2.34;2.34;2.34;2.34;2.34;2.34;2.34;2.34;2.34;2.34;2.34
;Key\Landtransporter\Tunga fjärrlastbilar\kWh per km för LNGlastbilar;Activity Level;Lokal miljöhänsyn;Sverige;kWh/km;;Interp;2.65;1.75;1.75;1.75;1.75;1.75;1.75;1.75;1.75;1.75;1.75;1.75;1.75;1.75;1.75;1.75;1.75;1.75;1.75;1.75;1.75;1.75;1.75;1.75;1.75;1.75;1.75;1.75;1.75;1.75;1.75;1.75;1.75;1.75;1.75;1.75;1.75;1.75;1.75
;Key\Landtransporter\Tunga fjärrlastbilar\kWh per km för ellastbilar;Activity Level;Lokal miljöhänsyn;Sverige;kWh/km;;Interp;1.75;1.75;1.75;1.75;1.75;1.75;1.75;1.75;1.75;1.75;1.75;1.75;1.75;1.75;1.75;1.75;1.75;1.75;1.75;1.75;1.75;1.75;1.75;1.75;1.75;1.75;1.75;1.75;1.75;1.75;1.75;1.75;1.75;1.75;1.75;1.75;1.75;1.75;1.75
;Key\Landtransporter\Tunga fjärrlastbilar\kWh per km för bränslecellslastbilar;Activity Level;Lokal miljöhänsyn;Sverige;kWh/km;;Interp;2.65;1.75;1.75;1.75;1.75;1.75;1.75;1.75;1.75;1.75;1.75;1.75;1.75;1.75;1.75;1.75;1.75;1.75;1.75;1.75;1.75;1.75;1.75;1.75;1.75;1.75;1.75;1.75;1.75;1.75;1.75;1.75;1.75;1.75;1.75;1.75;1.75;1.75;1.75
x;Key\Landtransporter\Tunga fjärrlastbilar\Miljözon;Activity Level;Lokal miljöhänsyn;Sverige;;;Interp;1;1;1;1;1;1;1;1;1;1;1;1;1;1;1;1;1;1;1;1;1;1;1;1;1;1;1;1;1;1;1;1;1;1;1;1;1;1;1
x;Key\Landtransporter\Tunga fjärrlastbilar\Snabbare införande av längre och tyngre fordon samt tillåtlighet på fler sträckor;Activity Level;Lokal miljöhänsyn;Sverige;;;Interp;1;1;1;1;1;1;1;1;1;1;1;1;1;1;1;1;1;1;1;1;1;1;1;1;1;1;1;1;1;1;1;1;1;1;1;1;1;1;1
;Key\Landtransporter\Bussar\Stadsbussar\energiandel HVO i diesel;Activity Level;Lokal miljöhänsyn;Sverige;procent;;Interp;65;65;65;65;65;65;65;65;65;65;65;65;65;65;65;65;65;65;65;65;65;65;65;65;65;65;65;65;65;65;65;65;65;65;65;65;65;65;65
;Key\Landtransporter\Bussar\Stadsbussar\energiandel FAME i diesel;Activity Level;Lokal miljöhänsyn;Sverige;procent;;Interp;20;20;20;20;20;20;20;20;20;20;20;20;20;20;20;20;20;20;20;20;20;20;20;20;20;20;20;20;20;20;20;20;20;20;20;20;20;20;20
;Key\Landtransporter\Bussar\Stadsbussar\energiandel biogas i fordonsgas;Activity Level;Lokal miljöhänsyn;Sverige;procent;;Interp;96.2;96.7;97.171428571428578;97.642857142857139;98.114285714285714;98.585714285714289;99.057142857142864;99.528571428571425;100;100;100;100;100;100;100;100;100;100;100;100;100;100;100;100;100;100;100;100;100;100;100;100;100;100;100;100;100;100;100
;Key\Landtransporter\Bussar\Stadsbussar\kWh per km dieselbuss;Activity Level;Lokal miljöhänsyn;Sverige;kWh/km;;Interp;3.91;3.88;3.86;3.83;3.81;3.78;3.75;3.72;3.7;3.68;3.65;3.63;3.62;3.6;3.58;3.57;3.55;3.54;3.53;3.52;3.52;3.51;3.51;3.5;3.5;3.5;3.51;3.51;3.51;3.52;3.52;3.53;3.53;3.54;3.54;3.55;3.56;3.56;3.57
;Key\Landtransporter\Bussar\Stadsbussar\kWh per km gasbuss;Activity Level;Lokal miljöhänsyn;Sverige;kWh/km;;Interp;5.34;5.34;5.34;5.34;5.32;5.31;5.29;5.27;5.24;5.21;5.17;5.12;5.08;5.04;5;4.96;4.93;4.9000000000000004;4.87;4.8499999999999996;4.83;4.8099999999999996;4.8;4.8;4.79;4.79;4.79;4.79;4.79;4.79;4.79;4.79;4.79;4.79;4.79;4.79;4.79;4.79;4.79
;Key\Landtransporter\Bussar\Stadsbussar\kWh per km elbuss;Activity Level;Lokal miljöhänsyn;Sverige;kWh/km;;Interp;1.34;1.38;1.38;1.38;1.38;1.38;1.38;1.38;1.38;1.38;1.38;1.38;1.38;1.38;1.38;1.38;1.38;1.38;1.38;1.38;1.38;1.38;1.38;1.38;1.38;1.38;1.38;1.38;1.38;1.38;1.38;1.38;1.38;1.38;1.38;1.38;1.38;1.38;1.38
;Key\Landtransporter\Bussar\Stadsbussar\körsträcka per dieselbuss;Activity Level;Lokal miljöhänsyn;Sverige;km/fordon;;Interp;47880;75485;77888;77801;77306;77826;78397;79167;80126;81130;82164;83256;84364;85431;86430;87381;88262;89068;89803;90483;91059;91483;91730;91808;91717;91519;91264;90992;90740;90551;90363;90218;90109;90392;90339;90301;90270;90246;90223
;Key\Landtransporter\Bussar\Stadsbussar\körsträcka per elbuss;Activity Level;Lokal miljöhänsyn;Sverige;km/fordon;;Interp;33390;61313;50920;55742;60236;60641;61086;61686;62434;63215;64021;64872;65735;66567;67345;68086;68773;69400;69973;70503;70952;71283;71475;71535;71465;71311;71112;70900;70704;70556;70410;70297;70212;70432;70391;70362;70337;70319;70300
;Key\Landtransporter\Bussar\Stadsbussar\körsträcka per gasbuss;Activity Level;Lokal miljöhänsyn;Sverige;km/fordon;;Interp;59690;60700;60689;60621;60236;60641;61086;61686;62434;63215;64021;64872;65735;66567;67345;68086;68773;69400;69973;70503;70952;71283;71475;71535;71465;71311;71112;70900;70704;70556;70410;70297;70212;70432;70391;70362;70337;70319;70300
;Key\Landtransporter\Bussar\Stadsbussar\dieselbussar;Activity Level;Lokal miljöhänsyn;Sverige;;;Interp;6439;6921;6756;6486;6206;5922;5618;5218;4731;4256;3794;3346;2917;2507;2130;1787;1479;1208;972;771;604;469;360;276;210;160;122;93;71;55;42;32;25;20;15;12;9;7;6
;Key\Landtransporter\Bussar\Stadsbussar\elbussar;Activity Level;Lokal miljöhänsyn;Sverige;;;Interp;542;1153;1554;1991;2446;2912;3389;3966;4646;5328;5992;6619;7209;7761;8261;8708;9104;9452;9753;10008;10225;10413;10582;10735;10878;11011;11133;11243;11341;11423;11499;11565;11624;11631;11678;11723;11765;11807;11847
;Key\Landtransporter\Bussar\Stadsbussar\gasbussar;Activity Level;Lokal miljöhänsyn;Sverige;;;Interp;2681;2549;2354;2225;2085;1938;1796;1649;1483;1296;1108;934;776;637;521;424;342;274;217;168;129;96;70;50;35;24;16;11;7;5;3;2;1;1;1;0;0;0;0
;Key\Landtransporter\Bussar\Stadsbussar\körsträcka dieselbussar;Activity Level;Lokal miljöhänsyn;Sverige;km;;Interp;308299320;522431685;526211328;504617286;479761036;460885572;440434346;413093406;379076106;345289280;311730216;278574576;246089788;214175517;184095900;156149847;130539498;107594144;87288516;69762393;54999636;42905527;33022800;25339008;19260570;14643040;11134208;8462256;6442540;4980305;3795246;2886976;2252725;1807840;1355085;1083612;812430;631722;541338
;Key\Landtransporter\Bussar\Stadsbussar\körsträcka elbussar;Activity Level;Lokal miljöhänsyn;Sverige;km;;Interp;18097380;70693889;79129680;110982322;147337256;176586592;207020454;244646676;290068364;336809520;383613832;429387768;473883615;516626487;556337045;592892888;626109392;655968800;682446669;705594024;725484200;742269879;756348450;767928225;777396270;785205421;791689896;797128700;801854064;805961188;809644590;812984805;816144288;819194592;822026098;824853726;827514805;830256433;832844100
;Key\Landtransporter\Bussar\Stadsbussar\körsträcka gasbussar;Activity Level;Lokal miljöhänsyn;Sverige;km;;Interp;160028890;154724300;142861906;134881725;125592060;117522258;109710456;101720214;92589622;81926640;70935268;60590448;51010360;42403179;35086745;28868464;23520366;19015600;15184141;11844504;9152808;6843168;5003250;3576750;2501275;1711464;1137792;779900;494928;352780;211230;140594;70212;70432;70391;0;0;0;0
;Key\Landtransporter\Bussar\Stadsbussar\körsträcka bussar;Activity Level;Lokal miljöhänsyn;Sverige;km;;Interp;486425590;747849874;748202914;750481333;752690352;754994422;757165256;759460296;761734092;764025440;766279316;768552792;770983763;773205183;775519690;777911199;780169256;782578544;784919326;787200921;789636644;792018574;794374500;796843983;799158115;801559925;803961896;806370856;808791532;811294273;813651066;816012375;818467225;821072864;823451574;825937338;828327235;830888155;833385438
;Key\Landtransporter\Bussar\Regionbussar\energiandel HVO i diesel;Activity Level;Lokal miljöhänsyn;Sverige;procent;;Interp;27.8;27.8;1.5;6.8000000000000007;7.0600000000000005;7.32;7.58;7.84;8.1;7.6999999999999993;7.3;6.8999999999999995;6.5;6.1;5.3199999999999994;4.54;3.7600000000000002;2.98;2.2000000000000002;1.7600000000000002;1.32;0.88000000000000012;0.43999999999999995;0;0;0;0;0;0;0;0;0;0;0;0;0;0;0;0
;Key\Landtransporter\Bussar\Regionbussar\energiandel FAME i diesel;Activity Level;Lokal miljöhänsyn;Sverige;procent;;Interp;6;6;6;3;3;3;3;3;3;3;3;3;3;3;3;3;3;3;3;3;3;3;3;3;3;3;3;3;3;3;3;3;3;3;3;3;3;3;3
;Key\Landtransporter\Bussar\Regionbussar\energiandel biogas i fordonsgas;Activity Level;Lokal miljöhänsyn;Sverige;procent;;Interp;96.2;96.7;97.171428571428578;97.642857142857139;98.114285714285714;98.585714285714289;99.057142857142864;99.528571428571425;100;100;100;100;100;100;100;100;100;100;100;100;100;100;100;100;100;100;100;100;100;100;100;100;100;100;100;100;100;100;100
;Key\Landtransporter\Bussar\Regionbussar\kWh per km dieselbuss;Activity Level;Lokal miljöhänsyn;Sverige;kWh/km;;Interp;2.38;2.3199999999999998;2.29;2.2599999999999998;2.23;2.19;2.16;2.12;2.09;2.0499999999999998;2.0299999999999998;2;1.98;1.96;1.95;1.94;1.93;1.92;1.92;1.91;1.91;1.9;1.9;1.9;1.9;1.9;1.89;1.89;1.89;1.89;1.89;1.89;1.89;1.89;1.89;1.89;1.89;1.89;1.89
;Key\Landtransporter\Bussar\Regionbussar\kWh per km bränslecellsbuss;Activity Level;Lokal miljöhänsyn;Sverige;kWh/km;;Interp;2.52;1.97;1.97;1.97;1.97;1.97;1.97;1.97;1.97;1.97;1.97;1.97;1.97;1.97;1.97;1.97;1.97;1.97;1.97;1.97;1.97;1.97;1.97;1.97;1.97;1.97;1.97;1.97;1.97;1.97;1.97;1.97;1.97;1.97;1.97;1.97;1.97;1.97;1.97
;Key\Landtransporter\Bussar\Regionbussar\kWh per km elbuss;Activity Level;Lokal miljöhänsyn;Sverige;kWh/km;;Interp;0.79;0.71;0.75;0.77;0.77;0.78;0.78;0.79;0.79;0.79;0.79;0.79;0.79;0.79;0.79;0.79;0.79;0.79;0.79;0.79;0.79;0.79;0.79;0.79;0.79;0.79;0.79;0.79;0.79;0.79;0.79;0.79;0.79;0.79;0.79;0.79;0.79;0.79;0.79
;Key\Landtransporter\Bussar\Regionbussar\körsträcka per dieselbuss;Activity Level;Lokal miljöhänsyn;Sverige;km/fordon;;Interp;47880;48633;48299;48234;48320;48397;48499;48615;48741;48930;49176;49475;49815;50217;50530;51201;51803;52479;53223;53951;54686;55386;56039;56659;57214;57721;58155;58527;58839;59108;59315;59479;60714;60815;60892;60963;61008;61055;60909
;Key\Landtransporter\Bussar\Regionbussar\körsträcka per elbuss;Activity Level;Lokal miljöhänsyn;Sverige;km/fordon;;Interp;33390;30000;31466;34558;37650;37710;37790;37880;37979;38125;38317;38551;38815;39128;39372;39896;40364;40891;41471;42038;42611;43156;43665;44148;44580;44976;45314;45604;45847;46056;46218;46346;47308;47386;47446;47502;47537;47574;47460
;Key\Landtransporter\Bussar\Regionbussar\körsträcka per bränslecellsbuss;Activity Level;Lokal miljöhänsyn;Sverige;km/fordon;;Interp;59690;30000;31576;34613;37650;37710;37790;37880;37979;38125;38317;38551;38815;39128;39372;39896;40364;40891;41471;42038;42611;43156;43665;44148;44580;44976;45314;45604;45847;46056;46218;46346;47308;47386;47446;47502;47537;47574;47460
;Key\Landtransporter\Bussar\Regionbussar\dieselbussar;Activity Level;Lokal miljöhänsyn;Sverige;;;Interp;4896;4174;4180;4185;4183;4164;4135;4101;4063;4001;3916;3811;3688;3546;3383;3198;2990;2760;2511;2270;2039;1821;1618;1433;1267;1120;994;887;799;726;668;623;579;552;531;516;504;496;490
;Key\Landtransporter\Bussar\Regionbussar\elbussar;Activity Level;Lokal miljöhänsyn;Sverige;;;Interp;19;18;25;32;47;80;123;171;224;298;391;501;627;767;926;1105;1301;1517;1748;1969;2175;2367;2543;2699;2835;2950;3045;3120;3177;3219;3251;3273;3229;3240;3247;3251;3256;3259;3264
;Key\Landtransporter\Bussar\Regionbussar\bränslecellsbussar;Activity Level;Lokal miljöhänsyn;Sverige;;;Interp;194;1;8;8;8;8;7;7;7;10;17;27;40;56;75;97;122;151;183;217;255;294;335;378;422;466;511;557;603;647;687;724;741;771;799;823;844;862;878
;Key\Landtransporter\Bussar\Regionbussar\körsträcka dieselbussar;Activity Level;Lokal miljöhänsyn;Sverige;km;;Interp;234420480;202994142;201889820;201859290;202122560;201525108;200543365;199370115;198034683;195768930;192573216;188549225;183717720;178069482;170942990;163740798;154890970;144842040;133642953;122468770;111504754;100857906;90671102;81192347;72490138;64647520;57806070;51913449;47012361;42912408;39622420;37055417;35153406;33569880;32333652;31456908;30748032;30283280;29845410
;Key\Landtransporter\Bussar\Regionbussar\körsträcka elbussar;Activity Level;Lokal miljöhänsyn;Sverige;km;;Interp;634410;540000;786650;1105856;1769550;3016800;4648170;6477480;8507296;11361250;14981947;19314051;24337005;30011176;36458472;44085080;52513564;62031647;72491308;82772822;92678925;102150252;111040095;119155452;126384300;132679200;137981130;142284480;145655919;148254264;150254718;151690458;152757532;153530640;154057162;154429002;154780472;155043666;154909440
;Key\Landtransporter\Bussar\Regionbussar\körsträcka bränslecellsbussar;Activity Level;Lokal miljöhänsyn;Sverige;km;;Interp;11579860;30000;252608;276904;301200;301680;264530;265160;265853;381250;651389;1040877;1552600;2191168;2952900;3869912;4924408;6174541;7589193;9122246;10865805;12687864;14627775;16687944;18812760;20958816;23155454;25401428;27645741;29798232;31751766;33554504;35055228;36534606;37909354;39094146;40121228;41008788;41669880
;Key\Landtransporter\Bussar\Regionbussar\körsträcka bussar;Activity Level;Lokal miljöhänsyn;Sverige;km;;Interp;246634750;203564142;202929078;203242050;204193310;204843588;205456065;206112755;206807832;207511430;208206552;208904153;209607325;210271826;210354362;211695790;212328942;213048228;213723454;214363838;215049484;215696022;216338972;217035743;217687198;218285536;218942654;219599357;220314021;220964904;221628904;222300379;222966166;223635126;224300168;224980056;225649732;226335734;226424730
;Key\Landtransporter\Bussar\Fyra av tio reser kollektivt;Activity Level;Lokal miljöhänsyn;Sverige;;;Interp;1;1;1;1;1;1;1;1;1;1;1;1;1;1;1;1;1;1;1;1;1;1;1;1;1;1;1;1;1;1;1;1;1;1;1;1;1;1;1
;Key\Landtransporter\Bantrafik\Tågkm persontrafik eldrift;Activity Level;Lokal miljöhänsyn;Sverige;km;;Interp;111013;111013;111013;111013;111013;111013;111013;111013;111013;111013;111013;111013;111013;111013;111013;111013;111013;111013;111013;111013;111013;111013;111013;111013;111013;111013;111013;111013;111013;111013;111013;111013;111013;111013;111013;111013;111013;111013;111013
;Key\Landtransporter\Bantrafik\Tågkm persontrafik dieseldrift;Activity Level;Lokal miljöhänsyn;Sverige;km;;Interp;5289;5289;5289;5289;5289;5289;5289;5289;5289;5289;5289;5289;5289;5289;5289;5289;5289;5289;5289;5289;5289;5289;5289;5289;5289;5289;5289;5289;5289;5289;5289;5289;5289;5289;5289;5289;5289;5289;5289
;Key\Landtransporter\Bantrafik\Tågkm godstrafik eldrift;Activity Level;Lokal miljöhänsyn;Sverige;km;;Interp;33350;33350;33350;33350;33350;33350;33350;33350;33350;33350;33350;33350;33350;33350;33350;33350;33350;33350;33350;33350;33350;33350;33350;33350;33350;33350;33350;33350;33350;33350;33350;33350;33350;33350;33350;33350;33350;33350;33350
;Key\Landtransporter\Bantrafik\Tågkm godstrafik dieseldrift;Activity Level;Lokal miljöhänsyn;Sverige;km;;Interp;1701;1701;1701;1701;1701;1701;1701;1701;1701;1701;1701;1701;1701;1701;1701;1701;1701;1701;1701;1701;1701;1701;1701;1701;1701;1701;1701;1701;1701;1701;1701;1701;1701;1701;1701;1701;1701;1701;1701
;Key\Landtransporter\Bantrafik\Slutanvändning HVO;Activity Level;Lokal miljöhänsyn;Sverige;kWh;;Interp;3323;10478;10478;10478;12382.4;14286.8;16191.2;18095.599999999999;20000;20000;20000;20000;20000;20000;44000;68000;92000;116000;140000;140000;140000;140000;140000;140000;140000;140000;140000;140000;140000;140000;140000;140000;140000;140000;140000;140000;140000;140000;140000
;Key\Landtransporter\Bantrafik\Slutanvändning dieselbränsle;Activity Level;Lokal miljöhänsyn;Sverige;kWh;;Interp;166051;138151;138151;138151;134520.79999999999;130890.6;127260.4;123630.2;120000;122000;124000;126000;128000;130000;104000;78000;52000;26000;0;0;0;0;0;0;0;0;0;0;0;0;0;0;0;0;0;0;0;0;0
;Key\Landtransporter\Bantrafik\Slutanvändning el;Activity Level;Lokal miljöhänsyn;Sverige;kWh;;Interp;2424512;2585506;2585506;2585506;2730404.8;2875303.6;3020202.4;3165101.2;3310000;3352000;3394000;3436000;3478000;3520000;3566000;3612000;3658000;3704000;3750000;3796000;3842000;3888000;3934000;3980000;4026000;4072000;4118000;4164000;4210000;4246000;4282000;4318000;4354000;4390000;4416000;4442000;4468000;4494000;4520000
;Key\Landtransporter\Bantrafik\kWh per km eldrift;Activity Level;Lokal miljöhänsyn;Sverige;kWh/km;;Interp;16.794552620823897;17.909755269702071;17.909755269702071;17.909755269702071;18.913466747019665;19.917178224337263;20.920889701654854;21.924601178972452;22.928312656290046;23.219245928665931;23.510179201041819;23.801112473417703;24.092045745793591;24.382979018169475;24.701620221247826;25.020261424326179;25.338902627404529;25.657543830482879;25.976185033561229;26.294826236639583;26.613467439717933;26.932108642796283;27.250749845874637;27.569391048952987;27.888032252031337;28.206673455109687;28.525314658188041;28.843955861266391;29.162597064344741;29.411968440666929;29.661339816989116;29.910711193311304;30.160082569633495;30.409453945955683;30.589555495521704;30.76965704508773;30.949758594653755;31.12986014421978;31.309961693785805
;Key\Landtransporter\Bantrafik\kWh per km dieseldrift;Activity Level;Lokal miljöhänsyn;Sverige;kWh/km;;Interp;24.23090128755365;21.263090128755366;21.263090128755366;21.263090128755366;21.016194563662371;20.769298998569383;20.522403433476395;20.275507868383404;20.028612303290416;20.314735336194563;20.600858369098713;20.88698140200286;21.17310443490701;21.459227467811157;21.17310443490701;20.88698140200286;20.600858369098713;20.314735336194563;20.028612303290416;20.028612303290416;20.028612303290416;20.028612303290416;20.028612303290416;20.028612303290416;20.028612303290416;20.028612303290416;20.028612303290416;20.028612303290416;20.028612303290416;20.028612303290416;20.028612303290416;20.028612303290416;20.028612303290416;20.028612303290416;20.028612303290416;20.028612303290416;20.028612303290416;20.028612303290416;20.028612303290416
x;Key\Landtransporter\Energideklaration och livscykelmärkning;Activity Level;Lokal miljöhänsyn;Sverige;;;Interp;1;1;1;1;1;1;1;1;1;1;1;1;1;1;1;1;1;1;1;1;1;1;1;1;1;1;1;1;1;1;1;1;1;1;1;1;1;1;1
x;Key\Landtransporter\Differentiera fordonsskatten efter effektivitet och miljöprestanda;Activity Level;Lokal miljöhänsyn;Sverige;;;Interp;1;1;1;1;1;1;1;1;1;1;1;1;1;1;1;1;1;1;1;1;1;1;1;1;1;1;1;1;1;1;1;1;1;1;1;1;1;1;1
x;Key\Landtransporter\Hastighetsbegränsning;Activity Level;Lokal miljöhänsyn;Sverige;;;Interp;1;1;1;1;1;1;1;1;1;1;1;1;1;1;1;1;1;1;1;1;1;1;1;1;1;1;1;1;1;1;1;1;1;1;1;1;1;1;1
x;Key\Landtransporter\Längre och tyngre tåg samt fler intermodala transporter;Activity Level;Lokal miljöhänsyn;Sverige;;;Interp;1;1;1;1;1;1;1;1;1;1;1;1;1;1;1;1;1;1;1;1;1;1;1;1;1;1;1;1;1;1;1;1;1;1;1;1;1;1;1
;Key\Luftfart\Inrikes\Bränsleanvändning inrikes flyg;Activity Level;Lokal miljöhänsyn;Sverige;TWh;;Interp;0.82194900000000004;1.1379999999999999;1.1379999999999999;1.1379999999999999;1.2343999999999999;1.3308;1.4272;1.5236000000000001;1.62;1.61;1.6;1.59;1.58;1.57;1.556;1.542;1.528;1.514;1.5;1.49;1.48;1.47;1.46;1.45;1.44;1.43;1.42;1.41;1.4;1.3919999999999999;1.3839999999999999;1.3760000000000001;1.3680000000000001;1.36;1.35;1.34;1.33;1.32;1.31
;Key\Luftfart\Inrikes\Fossilt flygbränsle energiandel;Activity Level;Lokal miljöhänsyn;Sverige;procent;;Interp;0;100;100;100;99.135999999999996;98.272000000000006;97.408000000000001;96.544000000000011;95.68;93.486000000000004;91.292000000000002;89.097999999999999;86.903999999999996;84.71;82.701999999999998;80.694000000000003;78.685999999999993;76.677999999999997;74.67;59.736000000000004;44.802;29.868000000000002;14.933999999999997;0;0;0;0;0;0;0;0;0;0;0;0;0;0;0;0
;Key\Luftfart\Inrikes\Biojet energiandel;Activity Level;Lokal miljöhänsyn;Sverige;procent;;Interp;0;0;0;0;0.7400000000000001;1.4800000000000002;2.2200000000000002;2.9600000000000004;3.7;5.2520000000000007;6.8040000000000003;8.3560000000000016;9.9080000000000013;11.46;12.768000000000001;14.076000000000001;15.384;16.692;18;19.78;21.56;23.34;25.119999999999997;26.9;25.378;23.855999999999998;22.334;20.811999999999998;19.29;19.108000000000001;18.925999999999998;18.744;18.561999999999998;18.38;17.603999999999999;16.827999999999999;16.052;15.276;14.5
;Key\Luftfart\Inrikes\RFNBO energiandel;Activity Level;Lokal miljöhänsyn;Sverige;procent;;Interp;0;0;0;0;0.124;0.248;0.372;0.496;0.62;1.26;1.9;2.5399999999999996;3.18;3.82;4.5220000000000002;5.2240000000000002;5.9260000000000002;6.6280000000000001;7.33;20.484000000000002;33.637999999999998;46.791999999999994;59.945999999999998;73.099999999999994;74.622;76.143999999999991;77.665999999999997;79.187999999999988;80.709999999999994;80.891999999999996;81.073999999999998;81.256;81.438000000000002;81.62;82.396000000000001;83.171999999999997;83.948000000000008;84.724000000000004;85.5
;Key\Luftfart\Inrikes\Inrikesresor per capita;Activity Level;Lokal miljöhänsyn;Sverige;/capita;;Interp;0.39910000000000001;0.44117099999999998;0.39962300000000001;0.39962300000000001;0.39962300000000001;0.39962300000000001;0.39962300000000001;0.39962300000000001;0.39962300000000001;0.39962300000000001;0.39962300000000001;0.39962300000000001;0.39962300000000001;0.39962300000000001;0.39962300000000001;0.39962300000000001;0.39962300000000001;0.39962300000000001;0.39962300000000001;0.39962300000000001;0.39962300000000001;0.39962300000000001;0.39962300000000001;0.39962300000000001;0.39962300000000001;0.39962300000000001;0.39962300000000001;0.39962300000000001;0.39962300000000001;0.39962300000000001;0.39962300000000001;0.39962300000000001;0.39962300000000001;0.39962300000000001;0.39962300000000001;0.39962300000000001;0.39962300000000001;0.39962300000000001;0.39962300000000001
;Key\Luftfart\Inrikes\fordonskm per inrikesflygresa;Activity Level;Lokal miljöhänsyn;Sverige;km/flygavgång;;Interp;513.4;513.6;518.79999999999995;518.79999999999995;518.79999999999995;518.79999999999995;518.79999999999995;518.79999999999995;518.79999999999995;518.79999999999995;518.79999999999995;518.79999999999995;518.79999999999995;518.79999999999995;518.79999999999995;518.79999999999995;518.79999999999995;518.79999999999995;518.79999999999995;518.79999999999995;518.79999999999995;518.79999999999995;518.79999999999995;518.79999999999995;518.79999999999995;518.79999999999995;518.79999999999995;518.79999999999995;518.79999999999995;518.79999999999995;518.79999999999995;518.79999999999995;518.79999999999995;518.79999999999995;518.79999999999995;518.79999999999995;518.79999999999995;518.79999999999995;518.79999999999995
;Key\Luftfart\Inrikes\Personkm per fordonskm;Activity Level;Lokal miljöhänsyn;Sverige;Personkm per fordonskm;;Interp;71.28;72.5;73.3;73.3;73.3;73.3;73.3;73.3;73.3;73.3;73.3;73.3;73.3;73.3;73.3;73.3;73.3;73.3;73.3;73.3;73.3;73.3;73.3;73.3;73.3;73.3;73.3;73.3;73.3;73.3;73.3;73.3;73.3;73.3;73.3;73.3;73.3;73.3;73.3
x;Key\Luftfart\Inrikes\Fordonsavgångar rör ej;Activity Level;Lokal miljöhänsyn;Sverige;;;Interp;58836.966159862517;64285.959436510333;57655.796414952252;57802.550192769442;57930.282351937247;58058.014511105051;58185.746670272849;58313.478829440653;58441.210988608458;58598.383314215556;58755.550187939974;58912.722513547073;59069.894839154171;59227.067164761254;59384.23403848568;59541.406364092771;59698.578689699869;59855.745563424294;60012.917889031378;60201.623904024564;60390.324467135062;60579.030482128248;60767.731045238739;60956.437060231925;61145.137623342438;61333.843638335609;61522.544201446122;61711.250216439294;61899.950779549799;62040.800168431109;62181.644105429739;62322.493494311057;62463.342883192367;62604.192272073669;62745.036209072314;62885.885597953617;63026.734986834927;63167.578923833571;63308.428312714874
;Key\Luftfart\Inrikes\Fordonskm personresor inrikes;Activity Level;Lokal miljöhänsyn;Sverige;km;;Interp;30206898.426473416;33017268.766591709;29911827.180077225;29987963.040008783;30054230.48418504;30120497.928361297;30186765.37253755;30253032.81671381;30319300.260890067;30400841.263415027;30482379.437503256;30563920.44002822;30645461.442553181;30727002.445078135;30808540.619166367;30890081.621691328;30971622.624216288;31053160.798304521;31134701.800829478;31232602.48140794;31330500.333549667;31428401.014128134;31526298.866269857;31624199.546848319;31722097.398990054;31819998.079568513;31917895.931710247;32015796.612288702;32113694.464430433;32186767.127382055;32259836.961896945;32332909.624848574;32405982.287800197;32479054.950751815;32552124.785266712;32625197.448218334;32698270.111169957;32771339.945684854;32844412.608636472
;Key\Luftfart\Inrikes\Energianvändning per km;Activity Level;Lokal miljöhänsyn;Sverige;kWh/km;;Interp;2.7210638722168229E-8;38;37.950000000000003;37.9;40.996000000000002;44.091999999999999;47.188000000000002;50.284000000000006;53.38;52.911999999999999;52.444000000000003;51.975999999999999;51.508000000000003;51.04;50.457999999999998;49.875999999999998;49.294000000000004;48.712000000000003;48.13;47.666000000000004;47.202000000000005;46.738;46.274000000000001;45.81;45.358000000000004;44.905999999999999;44.454000000000001;44.001999999999995;43.55;43.205999999999996;42.861999999999995;42.518000000000001;42.173999999999999;41.83;41.433999999999997;41.037999999999997;40.642000000000003;40.246000000000002;39.85
;Key\Luftfart\Utrikes\Bränsleanvändning utrikes flyg;Activity Level;Lokal miljöhänsyn;Sverige;TWh;;Interp;4.1739959999999998;6.7690000000000001;6.7690000000000001;6.7690000000000001;7.4152000000000005;8.0614000000000008;8.7075999999999993;9.3537999999999997;10;9.9220000000000006;9.8439999999999994;9.766;9.6879999999999988;9.61;9.5399999999999991;9.4699999999999989;9.4;9.33;9.26;9.1920000000000002;9.1240000000000006;9.0559999999999992;8.9879999999999995;8.92;8.8580000000000005;8.7959999999999994;8.734;8.6719999999999988;8.61;8.5540000000000003;8.4979999999999993;8.4420000000000002;8.3859999999999992;8.33;8.2740000000000009;8.218;8.1620000000000008;8.1059999999999999;8.0500000000000007
;Key\Luftfart\Utrikes\Fossilt flygbränsle energiandel;Activity Level;Lokal miljöhänsyn;Sverige;;;Interp;0;100;100;100;98.8;97.6;96.4;95.2;94;91.203999999999994;88.408000000000001;85.611999999999995;82.816000000000003;80.02;77.212000000000003;74.403999999999996;71.596000000000004;68.787999999999997;65.98;52.784000000000006;39.588000000000001;26.392000000000003;13.195999999999998;0;0;0;0;0;0;0;0;0;0;0;0;0;0;0;0
;Key\Luftfart\Utrikes\Biojet energiandel;Activity Level;Lokal miljöhänsyn;Sverige;;;Interp;0;0;0;0;1.06;2.12;3.1799999999999997;4.24;5.3;7.2359999999999998;9.1720000000000006;11.108000000000001;13.044;14.98;16.777999999999999;18.576000000000001;20.373999999999999;22.172000000000001;23.97;24.602;25.233999999999998;25.866;26.497999999999998;27.13;25.513999999999999;23.898;22.282;20.666;19.05;18.914000000000001;18.778000000000002;18.641999999999999;18.506;18.37;17.628;16.885999999999999;16.144000000000002;15.402000000000001;14.66
;Key\Luftfart\Utrikes\RFNBO energiandel;Activity Level;Lokal miljöhänsyn;Sverige;;;Interp;0;0;0;0;0;0;0;0;0;0.99800000000000011;1.9960000000000002;2.9940000000000002;3.9920000000000004;4.99;6;7.01;8.02;9.0299999999999994;10.039999999999999;22.606000000000002;35.172000000000004;47.738;60.304000000000009;72.87;74.486000000000004;76.102000000000004;77.718000000000004;79.334000000000003;80.95;81.085999999999999;81.221999999999994;81.358000000000004;81.494;81.63;82.372;83.114000000000004;83.855999999999995;84.597999999999999;85.34
;Key\Luftfart\Utrikes\Utrikesflygresor per capita;Activity Level;Lokal miljöhänsyn;Sverige;/capita;;Interp;1.0024;1.19;1.23;1.23;1.23;1.23;1.23;1.23;1.23;1.23;1.23;1.23;1.23;1.23;1.23;1.23;1.23;1.23;1.23;1.23;1.23;1.23;1.23;1.23;1.23;1.23;1.23;1.23;1.23;1.23;1.23;1.23;1.23;1.23;1.23;1.23;1.23;1.23;1.23
;Key\Luftfart\Utrikes\fordonskm per utrikesflygresa;Activity Level;Lokal miljöhänsyn;Sverige;km/flygavgång;;Interp;626.20000000000005;625.32000000000005;629.59;629.59;629.59;629.59;629.59;629.59;629.59;629.59;629.59;629.59;629.59;629.59;629.59;629.59;629.59;629.59;629.59;629.59;629.59;629.59;629.59;629.59;629.59;629.59;629.59;629.59;629.59;629.59;629.59;629.59;629.59;629.59;629.59;629.59;629.59;629.59;629.59
;Key\Luftfart\Utrikes\Passagerare per flygenkelresa;Activity Level;Lokal miljöhänsyn;Sverige;personer per flygenkelresa;;Interp;125.32;129.41999999999999;133.44999999999999;133.44999999999999;133.44999999999999;133.44999999999999;133.44999999999999;133.44999999999999;133.44999999999999;133.44999999999999;133.44999999999999;133.44999999999999;133.44999999999999;133.44999999999999;133.44999999999999;133.44999999999999;133.44999999999999;133.44999999999999;133.44999999999999;133.44999999999999;133.44999999999999;133.44999999999999;133.44999999999999;133.44999999999999;133.44999999999999;133.44999999999999;133.44999999999999;133.44999999999999;133.44999999999999;133.44999999999999;133.44999999999999;133.44999999999999;133.44999999999999;133.44999999999999;133.44999999999999;133.44999999999999;133.44999999999999;133.44999999999999;133.44999999999999
x;Key\Luftfart\Utrikes\Fordonsavgångar rör ej;Activity Level;Lokal miljöhänsyn;Sverige;;;Interp;84053.713605170764;97138.802580744872;97472.70258523793;97720.804046459351;97936.747620831782;98152.691195204214;98368.634769576631;98584.578343949062;98800.521918321479;99066.236942675168;99331.942750093673;99597.657774447362;99863.372798801051;100129.08782315474;100394.79363057324;100660.50865492693;100926.22367928064;101191.92948669915;101457.64451105284;101776.67028849758;102095.68684900714;102414.71262645186;102733.72918696141;103052.75496440615;103371.7715249157;103690.79730236044;104009.81386287;104328.83964031473;104647.85620082429;104885.97572124391;105124.08602472837;105362.20554514801;105600.32506556762;105838.44458598726;106076.55488947172;106314.67440989135;106552.79393031099;106790.90423379543;107029.02375421507
;Key\Luftfart\Utrikes\Fordonskm personresor utrikes;Activity Level;Lokal miljöhänsyn;Sverige;km;;Interp;52634435.459557936;60742836.029791385;61367838.820639953;61524041.019610345;61659996.934599482;61795952.849588625;61931908.764577754;62067864.67956689;62203820.594556026;62371112.116738863;62538397.836031482;62705689.358214319;62872980.880397156;63040272.402579993;63207558.121872611;63374849.644055448;63542141.166238301;63709426.885530926;63876718.407713763;64077573.846935198;64278423.483266406;64479278.922487833;64680128.558819041;64880983.998040475;65081833.634371683;65282689.073593117;65483538.709924325;65684394.14914576;65885243.785476968;66035161.454337962;66185073.320308737;66334990.989169739;66484908.658030726;66634826.326891728;66784738.192862503;66934655.861723498;67084573.530584499;67234485.396555275;67384403.065416276
;Key\Luftfart\Utrikes\Energianvändning per km;Activity Level;Lokal miljöhänsyn;Sverige;kWh/km;;Interp;7.9301620005160326E-8;111.33;111.185;111.04;121.28200000000001;131.524;141.76599999999999;152.00800000000001;162.25;160.57;158.88999999999999;157.21;155.53;153.85;152.34199999999998;150.834;149.32599999999999;147.81800000000001;146.31;144.798;143.286;141.774;140.262;138.75;137.37799999999999;136.006;134.63399999999999;133.262;131.88999999999999;130.74599999999998;129.602;128.458;127.31399999999999;126.17;125.05;123.92999999999999;122.81;121.69;120.57
;Key\Sjöfart\Inrikes\Inrikes sjöfart energibehov;Activity Level;Lokal miljöhänsyn;Sverige;TWh;;Interp;1.7450000000000001;1.9650000000000001;1.9650000000000001;1.9650000000000001;1.9220000000000002;1.879;1.8360000000000001;1.7929999999999999;1.75;1.694;1.6379999999999999;1.5820000000000001;1.526;1.47;1.446;1.4219999999999999;1.3980000000000001;1.3740000000000001;1.35;1.3340000000000001;1.3180000000000001;1.302;1.286;1.27;1.254;1.238;1.222;1.206;1.19;1.1739999999999999;1.1579999999999999;1.1420000000000001;1.1260000000000001;1.1100000000000001;1.1240000000000001;1.1380000000000001;1.1519999999999999;1.1659999999999999;1.18
x;Key\Sjöfart\Inrikes\Energieffektivsering;Activity Level;Lokal miljöhänsyn;Sverige;;;Interp;1;1;1;1;1;1;1;1;1;1;1;1;1;1;1;1;1;1;1;1;1;1;1;1;1;1;1;1;1;1;1;1;1;1;1;1;1;1;1
;Key\Sjöfart\Inrikes\Eldningsolja energiprocentandel;Activity Level;Lokal miljöhänsyn;Sverige;procent;;Interp;67.157363636363641;88.07;88.07;88.07;83.827999999999989;79.585999999999999;75.343999999999994;71.102000000000004;66.86;64.099999999999994;61.34;58.58;55.82;53.06;47.634;42.207999999999998;36.781999999999996;31.355999999999998;25.93;22.003999999999998;18.077999999999999;14.152000000000001;10.225999999999999;6.3;5.04;3.78;2.52;1.2599999999999998;0;0;0;0;0;0;0;0;0;0;0
;Key\Sjöfart\Inrikes\Naturgas energiprocentandel;Activity Level;Lokal miljöhänsyn;Sverige;procent;;Interp;0;7.5;7.5;7.5;10.914;14.327999999999999;17.741999999999997;21.155999999999999;24.57;26.186;27.802;29.417999999999999;31.033999999999999;32.65;32.786000000000001;32.921999999999997;33.058;33.193999999999996;33.33;33.436;33.542000000000002;33.647999999999996;33.753999999999998;33.86;32.97;32.08;31.19;30.3;29.41;28.574000000000002;27.738;26.902000000000001;26.065999999999999;25.23;23.744;22.257999999999999;20.772000000000002;19.286000000000001;17.8
;Key\Sjöfart\Inrikes\LNG energiprocentandel;Activity Level;Lokal miljöhänsyn;Sverige;procent;;Interp;19.899999999999999;6;6;6;8.7311999999999994;11.462400000000001;14.193599999999998;16.924800000000001;19.656000000000002;20.948800000000002;22.241600000000002;23.534400000000002;24.827200000000001;26.12;26.228800000000003;26.337599999999998;26.446400000000001;26.555199999999999;26.664000000000001;26.748800000000003;26.833600000000004;26.918399999999998;27.0032;27.088000000000001;26.376000000000001;25.664000000000001;24.952000000000002;24.240000000000002;23.528000000000002;22.859200000000001;22.1904;21.521600000000003;20.852800000000002;20.184000000000001;18.995200000000001;17.8064;16.617600000000003;15.428800000000003;14.240000000000002
;Key\Sjöfart\Inrikes\LPG energiprocentandel;Activity Level;Lokal miljöhänsyn;Sverige;procent;;Interp;4.97;1.5;1.5;1.5;2.1827999999999999;2.8656000000000001;3.5483999999999996;4.2312000000000003;4.9140000000000006;5.2372000000000005;5.5604000000000005;5.8836000000000004;6.2068000000000003;6.53;6.5572000000000008;6.5843999999999996;6.6116000000000001;6.6387999999999998;6.6660000000000004;6.6872000000000007;6.708400000000001;6.7295999999999996;6.7507999999999999;6.7720000000000002;6.5940000000000003;6.4160000000000004;6.2380000000000004;6.0600000000000005;5.8820000000000006;5.7148000000000003;5.5476000000000001;5.3804000000000007;5.2132000000000005;5.0460000000000003;4.7488000000000001;4.4516;4.1544000000000008;3.8572000000000006;3.5600000000000005
;Key\Sjöfart\Inrikes\Metanol energiprocentandel;Activity Level;Lokal miljöhänsyn;Sverige;procent;;Interp;0;0;0;0;0.45800000000000002;0.91600000000000004;1.3739999999999999;1.8320000000000001;2.29;2.3759999999999999;2.4620000000000002;2.548;2.6340000000000003;2.72;3.806;4.8920000000000003;5.9779999999999998;7.0640000000000001;8.15;10.614000000000001;13.077999999999999;15.541999999999998;18.006;20.47;21.585999999999999;22.701999999999998;23.818000000000001;24.934000000000001;26.05;25.704000000000001;25.358000000000001;25.012;24.666;24.32;24.032;23.744;23.456;23.167999999999999;22.88
;Key\Sjöfart\Inrikes\Biobränslen energiprocentandel;Activity Level;Lokal miljöhänsyn;Sverige;procent;;Interp;5.2266363636363637;4.3499999999999996;4.3499999999999996;4.3499999999999996;4.7379999999999995;5.1259999999999994;5.5139999999999993;5.9020000000000001;6.29;7.3440000000000003;8.3979999999999997;9.452;10.506;11.56;15.766000000000002;19.972000000000001;24.178000000000001;28.384;32.590000000000003;33.946000000000005;35.302;36.658000000000001;38.013999999999996;39.369999999999997;40.403999999999996;41.437999999999995;42.472000000000001;43.506;44.54;45.722000000000001;46.904000000000003;48.085999999999999;49.268000000000001;50.45;52.224000000000004;53.998000000000005;55.771999999999998;57.545999999999999;59.32
;Key\Sjöfart\Inrikes\Ammoniak energiprocentandel;Activity Level;Lokal miljöhänsyn;Sverige;procent;;Interp;1E-3;0;0;0;0;0;0;0;0;0;0;0;0;0;0;0;0;0;0;0;0;0;0;0;0;0;0;0;0;0;0;0;0;0;0;0;0;0;0
;Key\Sjöfart\Utrikes\Utrikes sjöfart energibehov;Activity Level;Lokal miljöhänsyn;Sverige;TWh;;Interp;28.15;19;19;19;20;21;22;23;24;23.8;23.6;23.4;23.2;23;23;23;23;23;23;22.8;22.6;22.4;22.2;22;21.8;21.6;21.4;21.2;21;21;21;21;21;21;21;21;21;21;21
x;Key\Sjöfart\Utrikes\Energieffektivsering;Activity Level;Lokal miljöhänsyn;Sverige;;;Interp;1;1;1;1;1;1;1;1;1;1;1;1;1;1;1;1;1;1;1;1;1;1;1;1;1;1;1;1;1;1;1;1;1;1;1;1;1;1;1
;Key\Sjöfart\Utrikes\Eldningsolja energiprocentandel;Activity Level;Lokal miljöhänsyn;Sverige;procent;;Interp;98.265250000000009;98.53;98.53;98.53;96.826000000000008;95.122;93.418000000000006;91.713999999999999;90.01;85.896000000000001;81.781999999999996;77.668000000000006;73.554000000000002;69.44;63.355999999999995;57.271999999999998;51.188000000000002;45.103999999999999;39.020000000000003;33.618000000000002;28.216000000000001;22.814;17.411999999999999;12.01;9.6080000000000005;7.2059999999999995;4.8040000000000003;2.4019999999999992;0;0;0;0;0;0;0;0;0;0;0
;Key\Sjöfart\Utrikes\Naturgas;Activity Level;Lokal miljöhänsyn;Sverige;procent;;Interp;0;1.47;1.47;1.47;3.1739999999999999;4.8780000000000001;6.581999999999999;8.2859999999999996;9.99;14.103999999999999;18.218;22.332000000000001;26.445999999999998;30.56;30.553999999999998;30.547999999999998;30.542000000000002;30.536000000000001;30.53;30.91;31.29;31.67;32.049999999999997;32.43;32.417999999999999;32.405999999999999;32.393999999999998;32.381999999999998;32.369999999999997;29.653999999999996;26.937999999999999;24.222000000000001;21.506;18.79;15.414;12.038;8.6620000000000008;5.2859999999999996;1.91
;Key\Sjöfart\Utrikes\LNG energiprocentandel;Activity Level;Lokal miljöhänsyn;Sverige;procent;;Interp;1.12975;1.1759999999999999;1.1759999999999999;1.1759999999999999;2.5392000000000001;3.9024000000000001;5.2655999999999992;6.6288;7.9920000000000009;11.283200000000001;14.574400000000001;17.865600000000001;21.1568;24.448;24.443200000000001;24.438400000000001;24.433600000000002;24.428800000000003;24.424000000000003;24.728000000000002;25.032;25.336000000000002;25.64;25.944000000000003;25.9344;25.924800000000001;25.915199999999999;25.9056;25.896000000000001;23.723199999999999;21.5504;19.377600000000001;17.204800000000002;15.032;12.331200000000001;9.6304000000000016;6.9296000000000006;4.2287999999999997;1.528
;Key\Sjöfart\Utrikes\LPG energiprocentandel;Activity Level;Lokal miljöhänsyn;Sverige;procent;;Interp;0.18575;0.29399999999999998;0.29399999999999998;0.29399999999999998;0.63480000000000003;0.97560000000000002;1.3163999999999998;1.6572;1.9980000000000002;2.8208000000000002;3.6436000000000002;4.4664000000000001;5.2892000000000001;6.1120000000000001;6.1108000000000002;6.1096000000000004;6.1084000000000005;6.1072000000000006;6.1060000000000008;6.1820000000000004;6.258;6.3340000000000005;6.41;6.4860000000000007;6.4836;6.4812000000000003;6.4787999999999997;6.4763999999999999;6.4740000000000002;5.9307999999999996;5.3875999999999999;4.8444000000000003;4.3012000000000006;3.758;3.0828000000000002;2.4076000000000004;1.7324000000000002;1.0571999999999999;0.38200000000000001
;Key\Sjöfart\Utrikes\Metanol energiprocentandel;Activity Level;Lokal miljöhänsyn;Sverige;procent;;Interp;0.41825000000000001;0;0;0;0;0;0;0;0;0;0;0;0;0;0.71;1.42;2.13;2.84;3.55;3.6119999999999997;3.6739999999999999;3.7359999999999998;3.798;3.86;3.8899999999999997;3.92;3.9499999999999997;3.98;4.01;4.0140000000000002;4.0179999999999998;4.0220000000000002;4.0259999999999998;4.03;4.0380000000000003;4.0460000000000003;4.0540000000000003;4.0620000000000003;4.07
;Key\Sjöfart\Utrikes\Biobränslen energiprocentandel;Activity Level;Lokal miljöhänsyn;Sverige;procent;;Interp;0;0;0;0;0;0;0;0;0;0;0;0;0;0;4.5119999999999996;9.0239999999999991;13.536;18.047999999999998;22.56;26.474;30.388000000000002;34.302;38.216000000000001;42.13;44.510000000000005;46.89;49.27;51.650000000000006;54.03;56.792000000000002;59.554000000000002;62.316000000000003;65.078000000000003;67.84;71.238;74.635999999999996;78.034000000000006;81.432000000000002;84.83
;Key\Sjöfart\Utrikes\Ammoniak energiprocentandel;Activity Level;Lokal miljöhänsyn;Sverige;procent;;Interp;0;0;0;0;0;0;0;0;0;0;0;0;0;0;0;0;0;0;0;0;0;0;0;0;0;0;0;0;0;0;0;0;0;0;0;0;0;0;0
;Key\Sjöfart\Utrikes\Biogas;Activity Level;Lokal miljöhänsyn;Sverige;procent;;Interp;0;0;0;0;0;0;0;0;0;0;0;0;0;0;0.8660000000000001;1.7320000000000002;2.5979999999999999;3.4640000000000004;4.33;5.3780000000000001;6.4260000000000002;7.4740000000000002;8.5220000000000002;9.57;9.572000000000001;9.5739999999999998;9.5760000000000005;9.5779999999999994;9.58;9.5340000000000007;9.4879999999999995;9.4420000000000002;9.395999999999999;9.35;9.3179999999999996;9.2859999999999996;9.2539999999999996;9.2219999999999995;9.19
;Key\Bränslen\andel låginblandad Etanol;Activity Level;Lokal miljöhänsyn;Sverige;;;Interp;6;6;6;6;6;6;6;6;6;6;6;6;6;6;6;6;6;6;6;6;6;6;6;6;6;6;6;6;6;6;6;6;6;6;6;6;6;6;6
;Key\Bränslen\andel låginblandad biobensin;Activity Level;Lokal miljöhänsyn;Sverige;;;Interp;2.7;2.7;0.7;5.4;5.7200000000000006;6.04;6.36;6.68;7;6.52;6.04;5.56;5.08;4.5999999999999996;3.6999999999999997;2.8;1.9;0.99999999999999956;9.9999999999999645E-2;7.999999999999971E-2;5.9999999999999783E-2;3.9999999999999862E-2;1.9999999999999921E-2;0;0;0;0;0;0;0;0;0;0;0;0;0;0;0;0
;Key\Bränslen\andel låginblandad HVO;Activity Level;Lokal miljöhänsyn;Sverige;;;Interp;27.8;27.8;1.5;6.8000000000000007;7.0600000000000005;7.32;7.58;7.84;8.1;7.6999999999999993;7.3;6.8999999999999995;6.5;6.1;5.3199999999999994;4.54;3.7600000000000002;2.98;2.2000000000000002;1.7600000000000002;1.32;0.88000000000000012;0.43999999999999995;0;0;0;0;0;0;0;0;0;0;0;0;0;0;0;0
;Key\Bränslen\andel låginblandad FAME;Activity Level;Lokal miljöhänsyn;Sverige;;;Interp;6;6;6;3;3;3;3;3;3;3;3;3;3;3;3;3;3;3;3;3;3;3;3;3;3;3;3;3;3;3;3;3;3;3;3;3;3;3;3
;Key\Bränslen\andel biogas i fordonsgas;Activity Level;Lokal miljöhänsyn;Sverige;;;Interp;96.2;96.7;97.171428571428578;97.642857142857139;98.114285714285714;98.585714285714289;99.057142857142864;99.528571428571425;100;100;100;100;100;100;100;100;100;100;100;100;100;100;100;100;100;100;100;100;100;100;100;100;100;100;100;100;100;100;100
;Key\Bränslen\andel el laddhybrid;Activity Level;Lokal miljöhänsyn;Sverige;;;Interp;70;70;70;70;70;70;70;70;70;70;70;70;70;70;70;70;70;70;70;70;70;70;70;70;70;70;70;70;70;70;70;70;70;70;70;70;70;70;70
;Key\Bränslen\andel låginblandad fossil bensin etanolmix;Activity Level;Lokal miljöhänsyn;Sverige;;;Interp;15;15;15;15;15;15;15;15;15;15;15;15;15;15;15;15;15;15;15;15;15;15;15;15;15;15;15;15;15;15;15;15;15;15;15;15;15;15;15
;Key\Bränslen\andel låginblandad biobensin etanolmix;Activity Level;Lokal miljöhänsyn;Sverige;;;Interp;0;0;0;0;0;0;0;0;0;0;0;0;0;0;0;0;0;0;0;0;0;0;0;0;0;0;0;0;0;0;0;0;0;0;0;0;0;0;0
;Key\Service\Arbetsmaskiner\Bygg\Energibehov;Activity Level;Lokal miljöhänsyn;Sverige;GWh;;Interp;1087;1087;1047;1007;1021.8;1036.5999999999999;1051.4000000000001;1066.2;1081;1091.2;1101.4000000000001;1111.5999999999999;1121.8;1132;1134.2;1136.4000000000001;1138.5999999999999;1140.8;1143;1149;1155;1161;1167;1173;1178.2;1183.4000000000001;1188.5999999999999;1193.8;1199;1198.4000000000001;1197.8;1197.2;1196.5999999999999;1196;1195.4000000000001;1194.8;1194.2;1193.5999999999999;1193
;Key\Service\Arbetsmaskiner\Bygg\Elandel;Activity Level;Lokal miljöhänsyn;Sverige;procent;;Interp;0;0;1.9750000000000001;3.95;7.2140000000000004;10.478000000000002;13.742000000000001;17.006;20.27;22.315999999999999;24.362000000000002;26.408000000000001;28.454000000000001;30.5;33.933999999999997;37.368000000000002;40.802;44.236000000000004;47.67;52.370000000000005;57.07;61.77;66.47;71.17;74.082000000000008;76.994;79.906000000000006;82.818000000000012;85.73;87.225999999999999;88.721999999999994;90.218000000000004;91.713999999999999;93.21;93.933999999999997;94.658000000000001;95.381999999999991;96.105999999999995;96.83
;Key\Service\Arbetsmaskiner\Bygg\Bensinandel;Activity Level;Lokal miljöhänsyn;Sverige;procent;;Interp;0;3.37;1.6850000000000001;0;0;0;0;0;0;0;0;0;0;0;0;0;0;0;0;0;0;0;0;0;0;0;0;0;0;0;0;0;0;0;0;0;0;0;0
;Key\Service\Arbetsmaskiner\Bygg\Dieselandel;Activity Level;Lokal miljöhänsyn;Sverige;procent;;Interp;100;64.02;74.555000000000007;85.09;81.95;78.81;75.67;72.53;69.39;67.936000000000007;66.481999999999999;65.027999999999992;63.573999999999998;62.12;49.695999999999998;37.271999999999998;24.847999999999999;12.423999999999999;0;0;0;0;0;0;0;0;0;0;0;0;0;0;0;0;0;0;0;0;0
;Key\Service\Arbetsmaskiner\Bygg\Biobensinandel;Activity Level;Lokal miljöhänsyn;Sverige;procent;;Interp;0;0.23;0.115;0;0;0;0;0;0;0;0;0;0;0;0;0;0;0;0;0;0;0;0;0;0;0;0;0;0;0;0;0;0;0;0;0;0;0;0
;Key\Service\Arbetsmaskiner\Bygg\Bioetanolandel;Activity Level;Lokal miljöhänsyn;Sverige;procent;;Interp;0;0.27;0.13500000000000001;0;0;0;0;0;0;0;0;0;0;0;0;0;0;0;0;0;0;0;0;0;0;0;0;0;0;0;0;0;0;0;0;0;0;0;0
;Key\Service\Arbetsmaskiner\Bygg\FAMEandel;Activity Level;Lokal miljöhänsyn;Sverige;procent;;Interp;0;6.48;3.24;0;0;0;0;0;0;0;0;0;0;0;0;0;0;0;0;0;0;0;0;0;0;0;0;0;0;0;0;0;0;0;0;0;0;0;0
;Key\Service\Arbetsmaskiner\Bygg\HVOandel;Activity Level;Lokal miljöhänsyn;Sverige;procent;;Interp;0;25.64;18.3;10.96;10.836;10.712;10.588000000000001;10.464;10.34;9.7460000000000004;9.1519999999999992;8.5579999999999998;7.9640000000000004;7.37;16.362000000000002;25.354000000000003;34.345999999999997;43.338000000000001;52.33;47.629999999999995;42.93;38.229999999999997;33.53;28.83;25.917999999999999;23.006;20.094000000000001;17.181999999999999;14.27;12.773999999999999;11.277999999999999;9.782;8.2859999999999996;6.79;6.0659999999999998;5.3419999999999996;4.6180000000000003;3.8939999999999997;3.17
;Key\Service\Arbetsmaskiner\Jordbruk\Energibehov;Activity Level;Lokal miljöhänsyn;Sverige;GWh;;Interp;1104;1104;1040.5;977;964.8;952.6;940.4;928.2;916;909.6;903.2;896.8;890.4;884;877.4;870.8;864.2;857.6;851;845.8;840.6;835.4;830.2;825;819.8;814.6;809.4;804.2;799;793.8;788.6;783.4;778.2;773;768;763;758;753;748
;Key\Service\Arbetsmaskiner\Jordbruk\Elandel;Activity Level;Lokal miljöhänsyn;Sverige;procent;;Interp;0;10.130000000000001;5.0650000000000004;0;0.11200000000000002;0.22400000000000003;0.33600000000000002;0.44800000000000006;0.56000000000000005;0.96599999999999997;1.3719999999999999;1.7779999999999998;2.1840000000000002;2.59;2.8519999999999999;3.1139999999999999;3.3759999999999999;3.6379999999999999;3.9;4.3159999999999998;4.7320000000000002;5.1479999999999997;5.5640000000000001;5.98;6.8020000000000005;7.6240000000000006;8.4459999999999997;9.2680000000000007;10.09;11.715999999999999;13.341999999999999;14.968;16.594000000000001;18.22;20.622;23.024000000000001;25.425999999999998;27.828000000000003;30.23
;Key\Service\Arbetsmaskiner\Jordbruk\Bensinandel;Activity Level;Lokal miljöhänsyn;Sverige;procent;;Interp;0;0.48;0.63;0.78;0.76400000000000001;0.748;0.73199999999999998;0.71599999999999997;0.7;0.69399999999999995;0.68799999999999994;0.68200000000000005;0.67600000000000005;0.67;0.53600000000000003;0.40200000000000002;0.26800000000000002;0.13400000000000001;0;0;0;0;0;0;0;0;0;0;0;0;0;0;0;0;0;0;0;0;0
;Key\Service\Arbetsmaskiner\Jordbruk\Dieselandel;Activity Level;Lokal miljöhänsyn;Sverige;procent;;Interp;65;57.49;73.16;88.83;88.587999999999994;88.346000000000004;88.103999999999999;87.862000000000009;87.62;87.402000000000001;87.183999999999997;86.966000000000008;86.748000000000005;86.53;69.224000000000004;51.917999999999999;34.612000000000002;17.305999999999997;0;0;0;0;0;0;0;0;0;0;0;0;0;0;0;0;0;0;0;0;0
;Key\Service\Arbetsmaskiner\Jordbruk\Biobensinandel;Activity Level;Lokal miljöhänsyn;Sverige;procent;;Interp;0;0.03;2.5000000000000001E-2;0.02;0.02;0.02;0.02;0.02;0.02;0.02;0.02;0.02;0.02;0.02;0.14599999999999999;0.27200000000000002;0.39800000000000002;0.52400000000000002;0.65;0.63;0.61;0.59000000000000008;0.57000000000000006;0.55000000000000004;0.52400000000000002;0.498;0.47200000000000003;0.44600000000000001;0.42;0.38800000000000001;0.35599999999999998;0.32400000000000001;0.29200000000000004;0.26;0.252;0.24399999999999999;0.23600000000000002;0.22800000000000001;0.22
;Key\Service\Arbetsmaskiner\Jordbruk\Bioetanolandel;Activity Level;Lokal miljöhänsyn;Sverige;procent;;Interp;0;0.04;4.4999999999999998E-2;0.05;0.05;0.05;0.05;0.05;0.05;4.8000000000000001E-2;4.5999999999999999E-2;4.4000000000000004E-2;4.2000000000000003E-2;0.04;3.2000000000000001E-2;2.4E-2;1.6E-2;8.0000000000000002E-3;0;0;0;0;0;0;0;0;0;0;0;0;0;0;0;0;0;0;0;0;0
;Key\Service\Arbetsmaskiner\Jordbruk\FAMEandel;Activity Level;Lokal miljöhänsyn;Sverige;procent;;Interp;5;5.82;4.3950000000000005;2.97;2.968;2.9660000000000002;2.964;2.9620000000000002;2.96;2.948;2.9359999999999999;2.9239999999999999;2.9119999999999999;2.9;2.3199999999999998;1.74;1.1599999999999999;0.58000000000000007;0;0;0;0;0;0;0;0;0;0;0;0;0;0;0;0;0;0;0;0;0
;Key\Service\Arbetsmaskiner\Jordbruk\HVOandel;Activity Level;Lokal miljöhänsyn;Sverige;procent;;Interp;30;26.01;16.675000000000001;7.34;7.49;7.64;7.79;7.9399999999999995;8.09;7.9219999999999997;7.7539999999999996;7.5860000000000003;7.4180000000000001;7.25;24.888000000000002;42.526000000000003;60.163999999999994;77.802000000000007;95.44;95.045999999999992;94.652000000000001;94.257999999999996;93.864000000000004;93.47;92.673999999999992;91.878;91.081999999999994;90.286000000000001;89.49;87.896000000000001;86.301999999999992;84.707999999999998;83.11399999999999;81.52;79.125999999999991;76.731999999999999;74.337999999999994;71.944000000000003;69.55
;Key\Service\Arbetsmaskiner\Skogsbruk\Energibehov;Activity Level;Lokal miljöhänsyn;Sverige;GWh;;Interp;561;561;549.5;538;538.79999999999995;539.6;540.4;541.20000000000005;542;540.79999999999995;539.6;538.4;537.20000000000005;536;542.79999999999995;549.6;556.4;563.20000000000005;570;570.79999999999995;571.6;572.4;573.20000000000005;574;577.6;581.20000000000005;584.79999999999995;588.4;592;595.20000000000005;598.4;601.6;604.79999999999995;608;611;614;617;620;623
;Key\Service\Arbetsmaskiner\Skogsbruk\Elandel;Activity Level;Lokal miljöhänsyn;Sverige;procent;;Interp;0;0;0;0;0.20800000000000002;0.41600000000000004;0.624;0.83200000000000007;1.04;1.254;1.468;1.6819999999999999;1.8959999999999999;2.11;2.5179999999999998;2.9260000000000002;3.3340000000000001;3.7420000000000004;4.1500000000000004;4.5580000000000007;4.9660000000000002;5.3740000000000006;5.782;6.19;7.008;7.8260000000000005;8.6440000000000001;9.4619999999999997;10.28;11.298;12.315999999999999;13.334;14.352;15.37;17.77;20.170000000000002;22.57;24.97;27.37
;Key\Service\Arbetsmaskiner\Skogsbruk\Bensinandel;Activity Level;Lokal miljöhänsyn;Sverige;procent;;Interp;0;1.01;0.94;0.87;0.88;0.89;0.9;0.91;0.92;1.006;1.0920000000000001;1.1779999999999999;1.2640000000000002;1.35;1.08;0.81;0.54;0.27;0;0;0;0;0;0;0;0;0;0;0;0;0;0;0;0;0;0;0;0;0
;Key\Service\Arbetsmaskiner\Skogsbruk\Dieselandel;Activity Level;Lokal miljöhänsyn;Sverige;procent;;Interp;100;65.819999999999993;77.284999999999997;88.75;88.396000000000001;88.042000000000002;87.688000000000002;87.334000000000003;86.98;86.844000000000008;86.707999999999998;86.572000000000003;86.435999999999993;86.3;69.039999999999992;51.779999999999994;34.520000000000003;17.259999999999991;0;0;0;0;0;0;0;0;0;0;0;0;0;0;0;0;0;0;0;0;0
;Key\Service\Arbetsmaskiner\Skogsbruk\Biobensinandel;Activity Level;Lokal miljöhänsyn;Sverige;procent;;Interp;0;7.0000000000000007E-2;0.05;0.03;0.03;0.03;0.03;0.03;0.03;0.03;0.03;0.03;0.03;0.03;0.28000000000000003;0.53;0.78;1.03;1.28;1.26;1.24;1.22;1.2;1.18;1.1379999999999999;1.0959999999999999;1.054;1.012;0.97;0.94199999999999995;0.91399999999999992;0.88600000000000001;0.85799999999999998;0.83;0.81799999999999995;0.80599999999999994;0.79400000000000004;0.78200000000000003;0.77
;Key\Service\Arbetsmaskiner\Skogsbruk\Bioetanolandel;Activity Level;Lokal miljöhänsyn;Sverige;procent;;Interp;0;0.08;7.0000000000000007E-2;0.06;0.06;0.06;0.06;0.06;0.06;6.6000000000000003E-2;7.1999999999999995E-2;7.8E-2;8.3999999999999991E-2;0.09;7.1999999999999995E-2;5.3999999999999999E-2;3.5999999999999997E-2;1.8000000000000002E-2;0;0;0;0;0;0;0;0;0;0;0;0;0;0;0;0;0;0;0;0;0
;Key\Service\Arbetsmaskiner\Skogsbruk\FAMEandel;Activity Level;Lokal miljöhänsyn;Sverige;procent;;Interp;0;6.66;4.8150000000000004;2.97;2.964;2.9580000000000002;2.952;2.9460000000000002;2.94;2.93;2.92;2.91;2.9;2.89;2.3120000000000003;1.734;1.1560000000000001;0.57799999999999985;0;0;0;0;0;0;0;0;0;0;0;0;0;0;0;0;0;0;0;0;0
;Key\Service\Arbetsmaskiner\Skogsbruk\HVOandel;Activity Level;Lokal miljöhänsyn;Sverige;procent;;Interp;0;26.36;16.844999999999999;7.33;7.47;7.6099999999999994;7.75;7.89;8.0299999999999994;7.8699999999999992;7.71;7.55;7.3900000000000006;7.23;24.698;42.165999999999997;59.633999999999986;77.102000000000004;94.57;94.181999999999988;93.793999999999997;93.405999999999992;93.018000000000001;92.63;91.853999999999999;91.078000000000003;90.301999999999992;89.525999999999996;88.75;87.76;86.77;85.78;84.789999999999992;83.8;81.411999999999992;79.024000000000001;76.635999999999996;74.248000000000005;71.86
;Key\Service\Arbetsmaskiner\Fiske\Energibehov;Activity Level;Lokal miljöhänsyn;Sverige;GWh;;Interp;1;1;1.5;2;2;2;2;2;2;2;2;2;2;2;2;2;2;2;2;2;2;2;2;2;2;2;2;2;2;2;2;2;2;2;2;2;2;2;2
;Key\Service\Arbetsmaskiner\Fiske\Elandel;Activity Level;Lokal miljöhänsyn;Sverige;procent;;Interp;0;0;0.89795000000000003;1.7959000000000001;3.4670200000000002;5.1381399999999999;6.8092600000000001;8.4803800000000003;10.1515;11.385720000000001;12.619940000000001;13.85416;15.088380000000001;16.322600000000001;18.822240000000001;21.32188;23.82152;26.321159999999999;28.820799999999998;33.521039999999999;38.22128;42.921520000000001;47.621760000000002;52.322000000000003;56.40804;60.494080000000004;64.580120000000008;68.666160000000005;72.752200000000002;75.386399999999995;78.020600000000002;80.654799999999994;83.289000000000001;85.923199999999994;87.368399999999994;88.813599999999994;90.258799999999994;91.703999999999994;93.149199999999993
;Key\Service\Arbetsmaskiner\Fiske\Bensinandel;Activity Level;Lokal miljöhänsyn;Sverige;procent;;Interp;0;4.4358000000000004;2.2179000000000002;0;0;0;0;0;0;0;0;0;0;0;0;0;0;0;0;0;0;0;0;0;0;0;0;0;0;0;0;0;0;0;0;0;0;0;0
;Key\Service\Arbetsmaskiner\Fiske\Dieselandel;Activity Level;Lokal miljöhänsyn;Sverige;procent;;Interp;100;63.200699999999998;75.097949999999997;86.995199999999997;85.235799999999998;83.476399999999998;81.716999999999999;79.957599999999999;78.1982;77.518640000000005;76.839079999999996;76.159520000000001;75.479959999999991;74.800399999999996;59.840319999999998;44.880240000000001;29.920160000000003;14.960079999999998;0;0;0;0;0;0;0;0;0;0;0;0;0;0;0;0;0;0;0;0;0
;Key\Service\Arbetsmaskiner\Fiske\Biobensinandel;Activity Level;Lokal miljöhänsyn;Sverige;procent;;Interp;0;0.29780000000000001;0.1489;0;0;0;0;0;0;0;0;0;0;0;0;0;0;0;0;0;0;0;0;0;0;0;0;0;0;0;0;0;0;0;0;0;0;0;0
;Key\Service\Arbetsmaskiner\Fiske\Bioetanolandel;Activity Level;Lokal miljöhänsyn;Sverige;procent;;Interp;0;0.35649999999999998;0.17824999999999999;0;0;0;0;0;0;0;0;0;0;0;0;0;0;0;0;0;0;0;0;0;0;0;0;0;0;0;0;0;0;0;0;0;0;0;0
;Key\Service\Arbetsmaskiner\Fiske\FAMEandel;Activity Level;Lokal miljöhänsyn;Sverige;procent;;Interp;0;6.3960999999999997;3.1980499999999998;0;0;0;0;0;0;0;0;0;0;0;0;0;0;0;0;0;0;0;0;0;0;0;0;0;0;0;0;0;0;0;0;0;0;0;0
;Key\Service\Arbetsmaskiner\Fiske\HVOandel;Activity Level;Lokal miljöhänsyn;Sverige;procent;;Interp;0;25.312999999999999;18.260899999999999;11.2088;11.2971;11.385400000000001;11.473699999999999;11.561999999999999;11.6503;11.09564;10.540979999999999;9.986320000000001;9.4316600000000008;8.8770000000000007;21.337440000000001;33.797879999999999;46.258319999999998;58.718759999999996;71.179199999999994;66.478960000000001;61.778719999999993;57.078479999999999;52.378239999999991;47.677999999999997;43.59196;39.505919999999996;35.419879999999999;31.333839999999999;27.247800000000002;24.613600000000002;21.979400000000002;19.345200000000002;16.710999999999999;14.0768;12.631600000000001;11.186399999999999;9.7411999999999992;8.2959999999999994;6.8507999999999996
;Key\Service\Arbetsmaskiner\Service\Energibehov;Activity Level;Lokal miljöhänsyn;Sverige;GWh;;Interp;812.8;844.2;875.6;907;907;907;907;907;907;907;907;907;907;907;907;907;907;907;907;907;907;907;907;907;906.8;906.6;906.4;906.2;906;906.2;906.4;906.6;906.8;907;907;907;907;907;907
;Key\Service\Arbetsmaskiner\Service\Elandel;Activity Level;Lokal miljöhänsyn;Sverige;procent;;Interp;0;0;4.0999999999999996;8.1999999999999993;10.657999999999999;13.116;15.573999999999998;18.032;20.49;22.491999999999997;24.494;26.495999999999999;28.497999999999998;30.5;33.142000000000003;35.783999999999999;38.426000000000002;41.067999999999998;43.71;46.532000000000004;49.353999999999999;52.176000000000002;54.998000000000005;57.82;59.462000000000003;61.103999999999999;62.746000000000002;64.388000000000005;66.03;66.430000000000007;66.83;67.23;67.63;68.03;68.23;68.430000000000007;68.63;68.83;69.03
;Key\Service\Arbetsmaskiner\Service\Bensinandel;Activity Level;Lokal miljöhänsyn;Sverige;procent;;Interp;0;10.7;9.6499999999999986;8.6;8.3119999999999994;8.0239999999999991;7.7359999999999998;7.4480000000000004;7.16;6.976;6.7919999999999998;6.6080000000000005;6.4240000000000004;6.24;4.992;3.7439999999999998;2.4960000000000004;1.2479999999999993;0;0;0;0;0;0;0;0;0;0;0;0;0;0;0;0;0;0;0;0;0
;Key\Service\Arbetsmaskiner\Service\Dieselandel;Activity Level;Lokal miljöhänsyn;Sverige;procent;;Interp;100;58.41;66.114999999999995;73.819999999999993;71.781999999999996;69.744;67.706000000000003;65.668000000000006;63.63;62.126000000000005;60.622;59.118000000000002;57.613999999999997;56.11;44.887999999999998;33.665999999999997;22.444000000000003;11.221999999999994;0;0;0;0;0;0;0;0;0;0;0;0;0;0;0;0;0;0;0;0;0
;Key\Service\Arbetsmaskiner\Service\Biobensinandel;Activity Level;Lokal miljöhänsyn;Sverige;procent;;Interp;0;0.72;0.48499999999999999;0.25;0.24399999999999999;0.23799999999999999;0.23200000000000001;0.22600000000000001;0.22;0.20799999999999999;0.19600000000000001;0.184;0.17199999999999999;0.16;1.1739999999999999;2.1880000000000002;3.2020000000000004;4.2160000000000002;5.23;4.9160000000000004;4.6020000000000003;4.2880000000000003;3.9740000000000002;3.66;3.452;3.2440000000000002;3.036;2.8280000000000003;2.62;2.5780000000000003;2.536;2.4940000000000002;2.452;2.41;2.3879999999999999;2.3660000000000001;2.3439999999999999;2.3220000000000001;2.2999999999999998
;Key\Service\Arbetsmaskiner\Service\Bioetanolandel;Activity Level;Lokal miljöhänsyn;Sverige;procent;;Interp;0;0.86;0.71499999999999997;0.56999999999999995;0.54999999999999993;0.52999999999999992;0.51;0.49;0.47;0.45799999999999996;0.44599999999999995;0.434;0.42199999999999999;0.41;0.32799999999999996;0.24599999999999997;0.16400000000000001;8.1999999999999962E-2;0;0;0;0;0;0;0;0;0;0;0;0;0;0;0;0;0;0;0;0;0
;Key\Service\Arbetsmaskiner\Service\FAMEandel;Activity Level;Lokal miljöhänsyn;Sverige;procent;;Interp;0;5.91;4.1900000000000004;2.4700000000000002;2.4060000000000001;2.3420000000000001;2.278;2.214;2.15;2.0960000000000001;2.0419999999999998;1.988;1.9339999999999999;1.88;1.504;1.1279999999999999;0.752;0.37599999999999989;0;0;0;0;0;0;0;0;0;0;0;0;0;0;0;0;0;0;0;0;0
;Key\Service\Arbetsmaskiner\Service\HVOandel;Activity Level;Lokal miljöhänsyn;Sverige;procent;;Interp;0;23.39;14.745000000000001;6.1;6.056;6.0119999999999996;5.968;5.9239999999999995;5.88;5.6440000000000001;5.4080000000000004;5.1719999999999997;4.9359999999999999;4.7;13.972000000000001;23.244;32.515999999999998;41.788000000000004;51.06;48.552;46.044000000000004;43.536000000000001;41.028000000000006;38.520000000000003;37.088000000000001;35.655999999999999;34.224000000000004;32.792000000000002;31.36;31;30.64;30.279999999999998;29.919999999999998;29.56;29.381999999999998;29.204000000000001;29.026;28.848000000000003;28.67
;Key\Service\Arbetsmaskiner\Hushåll\Energibehov;Activity Level;Lokal miljöhänsyn;Sverige;GWh;;Interp;471.4;478.6;485.8;493;492;491;490;489;488;487.4;486.8;486.2;485.6;485;484;483;482;481;480;479;478;477;476;475;474.4;473.8;473.2;472.6;472;471.8;471.6;471.4;471.2;471;471;471;471;471;471
;Key\Service\Arbetsmaskiner\Hushåll\Elandel;Activity Level;Lokal miljöhänsyn;Sverige;procent;;Interp;0;0;4.3899999999999997;8.7799999999999994;11.459999999999999;14.14;16.82;19.5;22.18;24.123999999999999;26.067999999999998;28.012;29.956;31.9;34.821999999999996;37.744;40.665999999999997;43.588000000000001;46.51;49.384;52.258000000000003;55.131999999999998;58.006;60.88;62.802;64.724000000000004;66.646000000000001;68.567999999999998;70.489999999999995;70.902000000000001;71.313999999999993;71.725999999999999;72.137999999999991;72.55;72.757999999999996;72.965999999999994;73.174000000000007;73.382000000000005;73.59
;Key\Service\Arbetsmaskiner\Hushåll\Bensinandel;Activity Level;Lokal miljöhänsyn;Sverige;procent;;Interp;100;61.96;59.734999999999999;57.51;55.677999999999997;53.845999999999997;52.014000000000003;50.182000000000002;48.35;47.164000000000001;45.978000000000002;44.792000000000002;43.606000000000002;42.42;33.936;25.452000000000002;16.968;8.4840000000000018;0;0;0;0;0;0;0;0;0;0;0;0;0;0;0;0;0;0;0;0;0
;Key\Service\Arbetsmaskiner\Hushåll\Dieselandel;Activity Level;Lokal miljöhänsyn;Sverige;procent;;Interp;0;19.25;22.27;25.29;24.635999999999999;23.981999999999999;23.327999999999999;22.673999999999999;22.02;21.526;21.032;20.538;20.044;19.55;15.64;11.73;7.82;3.91;0;0;0;0;0;0;0;0;0;0;0;0;0;0;0;0;0;0;0;0;0
;Key\Service\Arbetsmaskiner\Hushåll\Biobensinandel;Activity Level;Lokal miljöhänsyn;Sverige;procent;;Interp;0;4.16;2.93;1.7;1.6559999999999999;1.6119999999999999;1.5680000000000001;1.524;1.48;1.3959999999999999;1.3120000000000001;1.228;1.1440000000000001;1.06;7.952;14.844000000000001;21.735999999999997;28.628;35.520000000000003;33.502000000000002;31.484000000000002;29.466000000000001;27.448;25.43;24.001999999999999;22.573999999999998;21.146000000000001;19.718;18.29;18.001999999999999;17.713999999999999;17.426000000000002;17.138000000000002;16.850000000000001;16.706;16.562000000000001;16.417999999999999;16.274000000000001;16.13
;Key\Service\Arbetsmaskiner\Hushåll\Bioetanolandel;Activity Level;Lokal miljöhänsyn;Sverige;procent;;Interp;0;4.9800000000000004;4.38;3.78;3.6599999999999997;3.54;3.42;3.3;3.18;3.1;3.02;2.94;2.86;2.78;2.2239999999999998;1.6679999999999999;1.1119999999999999;0.55600000000000005;0;0;0;0;0;0;0;0;0;0;0;0;0;0;0;0;0;0;0;0;0
;Key\Service\Arbetsmaskiner\Hushåll\FAMEandel;Activity Level;Lokal miljöhänsyn;Sverige;procent;;Interp;0;1.95;1.4;0.85;0.82799999999999996;0.80599999999999994;0.78400000000000003;0.76200000000000001;0.74;0.72399999999999998;0.70799999999999996;0.69200000000000006;0.67600000000000005;0.66;0.52800000000000002;0.39600000000000002;0.26400000000000001;0.13200000000000001;0;0;0;0;0;0;0;0;0;0;0;0;0;0;0;0;0;0;0;0;0
;Key\Service\Arbetsmaskiner\Hushåll\HVOandel;Activity Level;Lokal miljöhänsyn;Sverige;procent;;Interp;0;7.71;4.9000000000000004;2.09;2.0779999999999998;2.0659999999999998;2.0539999999999998;2.0419999999999998;2.0299999999999998;1.9519999999999997;1.8739999999999999;1.7959999999999998;1.718;1.64;4.9080000000000004;8.1760000000000002;11.444000000000001;14.712000000000002;17.98;17.123999999999999;16.268000000000001;15.411999999999999;14.555999999999999;13.7;13.206;12.712;12.218;11.724;11.23;11.104000000000001;10.978;10.852;10.725999999999999;10.6;10.538;10.475999999999999;10.414;10.351999999999999;10.29
;Key\Service\Stationär energianvändning\Byggverksamhet\Fasta biobränslen;Activity Level;Lokal miljöhänsyn;Sverige;GWh;;Interp;13.114000000000001;29.62;28.240000000000002;26.86;27.253999999999998;27.648;28.041999999999998;28.436;28.83;29.105999999999998;29.381999999999998;29.658000000000001;29.934000000000001;30.21;30.27;30.330000000000002;30.39;30.450000000000003;30.51;30.68;30.85;31.02;31.19;31.36;31.507999999999999;31.655999999999999;31.804000000000002;31.952000000000002;32.1;32.085999999999999;32.072000000000003;32.058;32.044000000000004;32.03;32.015999999999998;32.002000000000002;31.988;31.974;31.96
;Key\Service\Stationär energianvändning\Byggverksamhet\Biooljor;Activity Level;Lokal miljöhänsyn;Sverige;GWh;;Interp;0;212.3;203.35000000000002;194.4;197.25800000000001;200.11600000000001;202.97399999999999;205.83199999999999;208.69;210.678;212.666;214.654;216.642;218.63;219.07599999999999;219.52199999999999;219.96800000000002;220.41400000000002;220.86;222.08;223.3;224.52;225.74;226.96;228.042;229.124;230.20600000000002;231.28800000000001;232.37;232.268;232.166;232.06400000000002;231.96200000000002;231.86;231.75800000000001;231.65600000000001;231.554;231.452;231.35
;Key\Service\Stationär energianvändning\Byggverksamhet\El ej uppvärmning;Activity Level;Lokal miljöhänsyn;Sverige;GWh;;Interp;1370.94;1592.61;1624.7149999999999;1656.82;1681.1859999999999;1705.5519999999999;1729.9180000000001;1754.2840000000001;1778.65;1795.596;1812.5420000000001;1829.4880000000001;1846.4340000000002;1863.38;1867.174;1870.9680000000001;1874.7619999999999;1878.556;1882.35;1892.7479999999998;1903.146;1913.5439999999999;1923.942;1934.34;1943.56;1952.78;1962;1971.22;1980.44;1979.57;1978.7;1977.83;1976.96;1976.09;1975.22;1974.35;1973.48;1972.61;1971.74
;Key\Service\Stationär energianvändning\Byggverksamhet\El uppvärmning;Activity Level;Lokal miljöhänsyn;Sverige;GWh;;Interp;0;0;0;0;0;0;0;0;0;0;0;0;0;0;0;0;0;0;0;0;0;0;0;0;0;0;0;0;0;0;0;0;0;0;0;0;0;0;0
;Key\Service\Stationär energianvändning\Byggverksamhet\EO1;Activity Level;Lokal miljöhänsyn;Sverige;GWh;;Interp;57.072000000000003;43.88;36.94;30;28;26;24;22;20;18;16;14;12;10;8;6;4;2;0;0;0;0;0;0;0;0;0;0;0;0;0;0;0;0;0;0;0;0;0
;Key\Service\Stationär energianvändning\Byggverksamhet\EO2;Activity Level;Lokal miljöhänsyn;Sverige;GWh;;Interp;9.18;1.23;0.61499999999999999;0;0;0;0;0;0;0;0;0;0;0;0;0;0;0;0;0;0;0;0;0;0;0;0;0;0;0;0;0;0;0;0;0;0;0;0
;Key\Service\Stationär energianvändning\Byggverksamhet\Fjärrvärme;Activity Level;Lokal miljöhänsyn;Sverige;GWh;;Interp;301.596;406.57;389.43;372.29;377.76400000000001;383.238;388.71200000000005;394.18600000000004;399.66;403.46800000000002;407.27600000000001;411.084;414.892;418.7;419.55399999999997;420.40800000000002;421.262;422.11600000000004;422.97;425.30600000000004;427.642;429.97800000000001;432.31399999999996;434.65;436.72199999999998;438.79399999999998;440.86599999999999;442.93799999999999;445.01;444.81399999999996;444.61799999999999;444.42199999999997;444.226;444.03;443.834;443.63799999999998;443.44200000000001;443.24599999999998;443.05
;Key\Service\Stationär energianvändning\Byggverksamhet\Gasol;Activity Level;Lokal miljöhänsyn;Sverige;GWh;;Interp;37.954000000000001;59.18;56.685000000000002;54.19;54.985999999999997;55.781999999999996;56.578000000000003;57.374000000000002;58.17;58.724000000000004;59.277999999999999;59.832000000000001;60.385999999999996;60.94;61.064;61.188000000000002;61.311999999999998;61.436;61.56;61.9;62.24;62.58;62.92;63.26;63.561999999999998;63.863999999999997;64.165999999999997;64.467999999999989;64.77;64.74199999999999;64.713999999999999;64.685999999999993;64.658000000000001;64.63;64.60199999999999;64.573999999999998;64.545999999999992;64.518000000000001;64.489999999999995
;Key\Service\Stationär energianvändning\Byggverksamhet\Naturgas;Activity Level;Lokal miljöhänsyn;Sverige;GWh;;Interp;2.0220000000000002;0.37;0.35499999999999998;0.34;0.34400000000000003;0.34800000000000003;0.35199999999999998;0.35599999999999998;0.36;0.36399999999999999;0.36799999999999999;0.372;0.376;0.38;0.38;0.38;0.38;0.38;0.38;0.38200000000000001;0.38400000000000001;0.38600000000000001;0.38800000000000001;0.39;0.39200000000000002;0.39400000000000002;0.39600000000000002;0.39800000000000002;0.4;0.4;0.4;0.4;0.4;0.4;0.4;0.4;0.4;0.4;0.4
;Key\Service\Stationär energianvändning\Byggverksamhet\Stadsgas;Activity Level;Lokal miljöhänsyn;Sverige;GWh;;Interp;0;0;0;0;0;0;0;0;0;0;0;0;0;0;0;0;0;0;0;0;0;0;0;0;0;0;0;0;0;0;0;0;0;0;0;0;0;0;0
;Key\Service\Stationär energianvändning\Byggverksamhet\Övriga bränslen;Activity Level;Lokal miljöhänsyn;Sverige;GWh;;Interp;0;0.02;0.02;0.02;0.02;0.02;0.02;0.02;0.02;0.02;0.02;0.02;0.02;0.02;0.02;0.02;0.02;0.02;0.02;0.02;0.02;0.02;0.02;0.02;0.02;0.02;0.02;0.02;0.02;0.02;0.02;0.02;0.02;0.02;0.02;0.02;0.02;0.02;0.02
;Key\Service\Stationär energianvändning\Jordbruk\Fasta biobränslen;Activity Level;Lokal miljöhänsyn;Sverige;GWh;;Interp;1382.482;1167.8800000000001;1314.4250000000002;1460.97;1426.1079999999999;1391.2460000000001;1356.384;1321.5220000000002;1286.6600000000001;1274.7820000000002;1262.904;1251.0260000000001;1239.1479999999999;1227.27;1215.3920000000001;1203.5140000000001;1191.636;1179.758;1167.8800000000001;1157.01;1146.1400000000001;1135.27;1124.4000000000001;1113.53;1102.662;1091.7940000000001;1080.9259999999999;1070.058;1059.19;1048.548;1037.9059999999999;1027.2640000000001;1016.6220000000001;1005.98;995.35800000000006;984.73599999999999;974.11400000000003;963.49199999999996;952.87
;Key\Service\Stationär energianvändning\Jordbruk\El ej uppvärmning;Activity Level;Lokal miljöhänsyn;Sverige;GWh;;Interp;1594.1879999999999;1496.87;1544.5250000000001;1592.18;1554.1880000000001;1516.1960000000001;1478.204;1440.212;1402.22;1389.2740000000001;1376.328;1363.3820000000001;1350.4359999999999;1337.49;1324.546;1311.6020000000001;1298.6579999999999;1285.7139999999999;1272.77;1260.924;1249.078;1237.232;1225.386;1213.54;1201.694;1189.848;1178.002;1166.1559999999999;1154.31;1142.712;1131.114;1119.5159999999998;1107.9179999999999;1096.32;1084.7459999999999;1073.172;1061.598;1050.0240000000001;1038.45
;Key\Service\Stationär energianvändning\Jordbruk\El uppvärmning;Activity Level;Lokal miljöhänsyn;Sverige;GWh;;Interp;0;0;0;0;0;0;0;0;0;0;0;0;0;0;0;0;0;0;0;0;0;0;0;0;0;0;0;0;0;0;0;0;0;0;0;0;0;0;0
;Key\Service\Stationär energianvändning\Jordbruk\EO1;Activity Level;Lokal miljöhänsyn;Sverige;GWh;;Interp;151.07400000000001;247.09;243.15;239.21;205.036;170.86200000000002;136.68799999999999;102.51400000000001;68.34;61.506;54.672000000000004;47.838000000000008;41.004000000000005;34.17;27.336000000000002;20.502000000000002;13.668000000000003;6.8339999999999996;0;0;0;0;0;0;0;0;0;0;0;0;0;0;0;0;0;0;0;0;0
;Key\Service\Stationär energianvändning\Jordbruk\EO2;Activity Level;Lokal miljöhänsyn;Sverige;GWh;;Interp;139.232;83.653999999999996;82.852000000000004;82.05;70.328000000000003;58.605999999999995;46.884;35.161999999999992;23.44;21.096;18.752000000000002;16.408000000000001;14.064;11.72;9.3760000000000012;7.032;4.6880000000000006;2.3439999999999994;0;0;0;0;0;0;0;0;0;0;0;0;0;0;0;0;0;0;0;0;0
;Key\Service\Stationär energianvändning\Jordbruk\Fjärrvärme;Activity Level;Lokal miljöhänsyn;Sverige;GWh;;Interp;56.753999999999998;45.798000000000002;45.034000000000006;44.27;43.214000000000006;42.158000000000001;41.102000000000004;40.045999999999999;38.99;38.630000000000003;38.270000000000003;37.909999999999997;37.549999999999997;37.19;36.83;36.47;36.11;35.75;35.39;35.061999999999998;34.734000000000002;34.405999999999999;34.078000000000003;33.75;33.42;33.090000000000003;32.76;32.43;32.1;31.778000000000002;31.456;31.134;30.811999999999998;30.49;30.167999999999999;29.846;29.523999999999997;29.201999999999998;28.88
;Key\Service\Stationär energianvändning\Jordbruk\Gasol;Activity Level;Lokal miljöhänsyn;Sverige;GWh;;Interp;14.548;10.7;13.52;16.34;15.95;15.56;15.17;14.780000000000001;14.39;14.258000000000001;14.126000000000001;13.994;13.862;13.73;13.596;13.462;13.328000000000001;13.194000000000001;13.06;12.938000000000001;12.816000000000001;12.693999999999999;12.571999999999999;12.45;12.33;12.209999999999999;12.09;11.969999999999999;11.85;11.73;11.61;11.49;11.37;11.25;11.132;11.013999999999999;10.896000000000001;10.778;10.66
;Key\Service\Stationär energianvändning\Jordbruk\Naturgas;Activity Level;Lokal miljöhänsyn;Sverige;GWh;;Interp;38.46;15.12;26.93;38.74;37.816000000000003;36.892000000000003;35.967999999999996;35.043999999999997;34.119999999999997;33.803999999999995;33.488;33.171999999999997;32.856000000000002;32.54;32.225999999999999;31.911999999999999;31.597999999999999;31.283999999999999;30.97;30.681999999999999;30.393999999999998;30.106000000000002;29.818000000000001;29.53;29.242000000000001;28.954000000000001;28.666;28.378;28.09;27.806000000000001;27.522000000000002;27.238;26.954000000000001;26.67;26.39;26.11;25.830000000000002;25.55;25.27
;Key\Service\Stationär energianvändning\Jordbruk\Biogas;Activity Level;Lokal miljöhänsyn;Sverige;GWh;;Interp;0;27.72;27.395;27.07;26.423999999999999;25.777999999999999;25.132000000000001;24.486000000000001;23.84;23.62;23.4;23.18;22.959999999999997;22.74;22.52;22.3;22.08;21.86;21.64;21.437999999999999;21.236000000000001;21.033999999999999;20.832000000000001;20.63;20.428000000000001;20.225999999999999;20.024000000000001;19.821999999999999;19.62;19.423999999999999;19.228000000000002;19.032;18.836000000000002;18.64;18.442;18.244;18.045999999999999;17.847999999999999;17.649999999999999
;Key\Service\Stationär energianvändning\Jordbruk\Övriga bränslen;Activity Level;Lokal miljöhänsyn;Sverige;GWh;;Interp;3.5659999999999998;3.5739999999999998;3.5819999999999999;3.59;3.5;3.41;3.32;3.23;3.14;3.1;3.06;3.02;2.98;2.94;2.8260000000000001;2.7120000000000002;2.5979999999999999;2.484;2.37;2.3000000000000003;2.23;2.16;2.09;2.02;1.9079999999999999;1.796;1.6839999999999999;1.5720000000000001;1.46;1.46;1.46;1.46;1.46;1.46;1.46;1.46;1.46;1.46;1.46
;Key\Service\Stationär energianvändning\Skogsbruk\Fasta biobränslen;Activity Level;Lokal miljöhänsyn;Sverige;GWh;;Interp;0;48.02;49.53;51.04;51.04;51.04;51.04;51.04;51.04;51.04;51.04;51.04;51.04;51.04;51.04;51.04;51.04;51.04;51.04;51.04;51.04;51.04;51.04;51.04;51.04;51.04;51.04;51.04;51.04;51.04;51.04;51.04;51.04;51.04;51.04;51.04;51.04;51.04;51.04
;Key\Service\Stationär energianvändning\Skogsbruk\El ej uppvärmning;Activity Level;Lokal miljöhänsyn;Sverige;GWh;;Interp;19.22;18.920000000000002;18.72;18.52;18.52;18.52;18.52;18.52;18.52;18.52;18.52;18.52;18.52;18.52;18.52;18.52;18.52;18.52;18.52;18.52;18.52;18.52;18.52;18.52;18.52;18.52;18.52;18.52;18.52;18.52;18.52;18.52;18.52;18.52;18.52;18.52;18.52;18.52;18.52
;Key\Service\Stationär energianvändning\Skogsbruk\El uppvärmning;Activity Level;Lokal miljöhänsyn;Sverige;GWh;;Interp;0;0;0;0;0;0;0;0;0;0;0;0;0;0;0;0;0;0;0;0;0;0;0;0;0;0;0;0;0;0;0;0;0;0;0;0;0;0;0
;Key\Service\Stationär energianvändning\Skogsbruk\EO1;Activity Level;Lokal miljöhänsyn;Sverige;GWh;;Interp;19.850000000000001;4.12;4.12;4.12;4.12;4.12;4.12;4.12;4.12;4.12;4.12;4.12;4.12;4.12;4.12;4.12;4.12;4.12;4.12;4.12;4.12;4.12;4.12;4.12;4.12;4.12;4.12;4.12;4.12;4.12;4.12;4.12;4.12;4.12;4.12;4.12;4.12;4.12;4.12
;Key\Service\Stationär energianvändning\Skogsbruk\EO2;Activity Level;Lokal miljöhänsyn;Sverige;GWh;;Interp;0;0;0;0;0;0;0;0;0;0;0;0;0;0;0;0;0;0;0;0;0;0;0;0;0;0;0;0;0;0;0;0;0;0;0;0;0;0;0
;Key\Service\Stationär energianvändning\Skogsbruk\Fjärrvärme;Activity Level;Lokal miljöhänsyn;Sverige;GWh;;Interp;0;0;0;0;0;0;0;0;0;0;0;0;0;0;0;0;0;0;0;0;0;0;0;0;0;0;0;0;0;0;0;0;0;0;0;0;0;0;0
;Key\Service\Stationär energianvändning\Skogsbruk\Gasol;Activity Level;Lokal miljöhänsyn;Sverige;GWh;;Interp;1.2;0.8;0.39999999999999991;0;0;0;0;0;0;0;0;0;0;0;0;0;0;0;0;0;0;0;0;0;0;0;0;0;0;0;0;0;0;0;0;0;0;0;0
;Key\Service\Stationär energianvändning\Skogsbruk\Naturgas;Activity Level;Lokal miljöhänsyn;Sverige;GWh;;Interp;0;0;0;0;0;0;0;0;0;0;0;0;0;0;0;0;0;0;0;0;0;0;0;0;0;0;0;0;0;0;0;0;0;0;0;0;0;0;0
;Key\Service\Stationär energianvändning\Skogsbruk\Stadsgas;Activity Level;Lokal miljöhänsyn;Sverige;GWh;;Interp;0;0;0;0;0;0;0;0;0;0;0;0;0;0;0;0;0;0;0;0;0;0;0;0;0;0;0;0;0;0;0;0;0;0;0;0;0;0;0
;Key\Service\Stationär energianvändning\Skogsbruk\Övriga bränslen;Activity Level;Lokal miljöhänsyn;Sverige;GWh;;Interp;0;0;0;0;0;0;0;0;0;0;0;0;0;0;0;0;0;0;0;0;0;0;0;0;0;0;0;0;0;0;0;0;0;0;0;0;0;0;0
;Key\Service\Stationär energianvändning\Service\Fasta biobränslen;Activity Level;Lokal miljöhänsyn;Sverige;GWh;;Interp;496.65999999999997;392.82;446.40999999999997;500;476.47;452.94;429.41;405.88;382.35;358.822;335.29399999999998;311.76600000000002;288.238;264.70999999999998;252.94399999999999;241.178;229.41199999999998;217.64599999999999;205.88;164.70400000000001;123.52799999999999;82.352000000000004;41.175999999999988;0;0;0;0;0;0;0;0;0;0;0;0;0;0;0;0
;Key\Service\Stationär energianvändning\Service\El ej uppvärmning;Activity Level;Lokal miljöhänsyn;Sverige;GWh;;Interp;22687.956000000002;18353.599999999999;20724.555;23095.51;23226.14;23356.77;23487.399999999998;23618.03;23748.66;23869.306;23989.952000000001;24110.597999999998;24231.243999999999;24351.89;24451.736000000001;24551.581999999999;24651.428;24751.273999999998;24851.119999999999;24934.324000000001;25017.527999999998;25100.732;25183.935999999998;25267.14;25350.344000000001;25433.547999999999;25516.752;25599.955999999998;25683.16;25766.364000000001;25849.567999999999;25932.772000000001;26015.975999999999;26099.18;26182.384000000002;26265.588;26348.792000000001;26431.995999999999;26515.200000000001
;Key\Service\Stationär energianvändning\Service\El uppvärmning;Activity Level;Lokal miljöhänsyn;Sverige;GWh;;Interp;46682.273999999998;3159.23;3040.085;2920.94;2773.9160000000002;2626.8920000000003;2479.8679999999999;2332.8440000000001;2185.8200000000002;2259.4340000000002;2333.0480000000002;2406.6619999999998;2480.2759999999998;2553.89;2541.9919999999997;2530.0940000000001;2518.1959999999999;2506.2980000000002;2494.4;2475.8580000000002;2457.3160000000003;2438.7739999999999;2420.232;2401.69;2203.6280000000002;2005.566;1807.5040000000001;1609.442;1411.38;1480.4680000000001;1549.556;1618.644;1687.732;1756.82;1922.4639999999999;2088.1080000000002;2253.752;2419.3959999999997;2585.04
;Key\Service\Stationär energianvändning\Service\EO1;Activity Level;Lokal miljöhänsyn;Sverige;GWh;;Interp;189.41399999999999;155.97;107.745;59.52;47.616;35.712000000000003;23.808;11.903999999999996;0;0;0;0;0;0;0;0;0;0;0;0;0;0;0;0;0;0;0;0;0;0;0;0;0;0;0;0;0;0;0
;Key\Service\Stationär energianvändning\Service\EO2;Activity Level;Lokal miljöhänsyn;Sverige;GWh;;Interp;0;0;0;0;0;0;0;0;0;0;0;0;0;0;0;0;0;0;0;0;0;0;0;0;0;0;0;0;0;0;0;0;0;0;0;0;0;0;0
;Key\Service\Stationär energianvändning\Service\Fjärrvärme;Activity Level;Lokal miljöhänsyn;Sverige;GWh;;Interp;16369.451999999999;16319.89;15340.630000000001;14361.37;14288.414000000001;14215.458000000001;14142.502;14069.546;13996.59;13447.31;12898.03;12348.75;11799.470000000001;11250.19;11215.204;11180.218000000001;11145.232;11110.246000000001;11075.26;11098.666000000001;11122.072;11145.478000000001;11168.884;11192.29;11695.836000000001;12199.382000000001;12702.928;13206.474;13710.02;13444.506000000001;13178.992;12913.478000000001;12647.964;12382.45;11873.94;11365.43;10856.92;10348.41;9839.9
;Key\Service\Stationär energianvändning\Service\Gasol;Activity Level;Lokal miljöhänsyn;Sverige;GWh;;Interp;139.72999999999999;139.72999999999999;139.72999999999999;139.72999999999999;139.72999999999999;139.72999999999999;139.72999999999999;139.72999999999999;139.72999999999999;139.72999999999999;139.72999999999999;139.72999999999999;139.72999999999999;139.72999999999999;139.72999999999999;139.72999999999999;139.72999999999999;139.72999999999999;139.72999999999999;139.72999999999999;139.72999999999999;139.72999999999999;139.72999999999999;139.72999999999999;139.72999999999999;139.72999999999999;139.72999999999999;139.72999999999999;139.72999999999999;139.72999999999999;139.72999999999999;139.72999999999999;139.72999999999999;139.72999999999999;139.72999999999999;139.72999999999999;139.72999999999999;139.72999999999999;139.72999999999999
;Key\Service\Stationär energianvändning\Service\Naturgas;Activity Level;Lokal miljöhänsyn;Sverige;GWh;;Interp;761.95600000000013;877.17;771.92;666.67;533.33600000000001;400.00199999999995;266.66800000000001;133.33399999999995;0;0;0;0;0;0;0;0;0;0;0;0;0;0;0;0;0;0;0;0;0;0;0;0;0;0;0;0;0;0;0
;Key\Service\Stationär energianvändning\Service\Stadsgas;Activity Level;Lokal miljöhänsyn;Sverige;GWh;;Interp;21.84;23.99;24.265000000000001;24.54;24.54;24.54;24.54;24.54;24.54;24.54;24.54;24.54;24.54;24.54;24.54;24.54;24.54;24.54;24.54;24.54;24.54;24.54;24.54;24.54;24.54;24.54;24.54;24.54;24.54;24.54;24.54;24.54;24.54;24.54;24.54;24.54;24.54;24.54;24.54
;Key\Service\Stationär energianvändning\Service\Övriga bränslen;Activity Level;Lokal miljöhänsyn;Sverige;GWh;;Interp;0;0;0;0;0;0;0;0;0;0;0;0;0;0;0;0;0;0;0;0;0;0;0;0;0;0;0;0;0;0;0;0;0;0;0;0;0;0;0
;Key\Service\Stationär energianvändning\Hushåll\Biobränsle;Activity Level;Lokal miljöhänsyn;Sverige;GWh;;Interp;9897.1820000000007;9149;9498.6949999999997;9848.39;9836.6239999999998;9824.8580000000002;9813.0919999999987;9801.3259999999991;9789.56;9553.09;9316.619999999999;9080.15;8843.6799999999985;8607.2099999999991;8437.7979999999989;8268.3859999999986;8098.9739999999993;7929.5619999999999;7760.15;7568.12;7376.09;7184.0599999999995;6992.03;6800;6800;6800;6800;6800;6800;6800;6800;6800;6800;6800;6800;6800;6800;6800;6800
;Key\Service\Stationär energianvändning\Hushåll\El ej uppvärmning;Activity Level;Lokal miljöhänsyn;Sverige;GWh;;Interp;25818.597999999998;23319.35;24182.794999999998;25046.240000000002;25147.7;25249.16;25350.620000000003;25452.080000000002;25553.54;25647.245999999999;25740.952000000001;25834.657999999999;25928.364000000001;26022.07;26099.617999999999;26177.166000000001;26254.714;26332.262000000002;26409.81;26474.434000000001;26539.058000000001;26603.682000000001;26668.306;26732.93;26797.554;26862.178;26926.802;26991.425999999999;27056.05;27120.675999999999;27185.302;27249.928;27314.554;27379.18;27443.804;27508.428;27573.052;27637.675999999999;27702.3
;Key\Service\Stationär energianvändning\Hushåll\El uppvärmning;Activity Level;Lokal miljöhänsyn;Sverige;GWh;;Interp;16519.466;18140.740000000002;16024.140000000001;13907.54;13780.982;13654.424000000001;13527.866;13401.308000000001;13274.75;13003.276;12731.802;12460.328;12188.853999999999;11917.38;11939.813999999998;11962.248;11984.681999999999;12007.116;12029.55;12058.376;12087.201999999999;12116.028;12144.853999999999;12173.68;12384.054;12594.428;12804.802;13015.175999999999;13225.55;13164.603999999999;13103.657999999999;13042.712;12981.766;12920.82;12849.242;12777.664000000001;12706.085999999999;12634.508;12562.93
;Key\Service\Stationär energianvändning\Hushåll\EO1;Activity Level;Lokal miljöhänsyn;Sverige;GWh;;Interp;396.72199999999998;338.92;261.72000000000003;184.52;147.61600000000001;110.712;73.808000000000007;36.903999999999996;0;0;0;0;0;0;0;0;0;0;0;0;0;0;0;0;0;0;0;0;0;0;0;0;0;0;0;0;0;0;0
;Key\Service\Stationär energianvändning\Hushåll\EO2;Activity Level;Lokal miljöhänsyn;Sverige;GWh;;Interp;0;0;0;0;0;0;0;0;0;0;0;0;0;0;0;0;0;0;0;0;0;0;0;0;0;0;0;0;0;0;0;0;0;0;0;0;0;0;0
;Key\Service\Stationär energianvändning\Hushåll\Fjärrvärme;Activity Level;Lokal miljöhänsyn;Sverige;GWh;;Interp;29606.027999999998;30493.27;30608.404999999999;30723.54;29693.346000000001;28663.152000000002;27632.957999999999;26602.763999999999;25572.57;25106.507999999998;24640.446;24174.383999999998;23708.322;23242.26;22847.901999999998;22453.543999999998;22059.186000000002;21664.828000000001;21270.47;20721.612000000001;20172.754000000001;19623.896000000001;19075.038;18526.18;17427.858;16329.536;15231.214;14132.892;13034.57;13198.106;13361.642;13525.178;13688.714;13852.25;14039.376;14226.502;14413.627999999999;14600.753999999999;14787.88
;Key\Service\Stationär energianvändning\Hushåll\Gasol;Activity Level;Lokal miljöhänsyn;Sverige;GWh;;Interp;47.8;47.8;47.8;47.8;47.8;47.8;47.8;47.8;47.8;47.8;47.8;47.8;47.8;47.8;47.8;47.8;47.8;47.8;47.8;47.8;47.8;47.8;47.8;47.8;47.8;47.8;47.8;47.8;47.8;47.8;47.8;47.8;47.8;47.8;47.8;47.8;47.8;47.8;47.8
;Key\Service\Stationär energianvändning\Hushåll\Naturgas;Activity Level;Lokal miljöhänsyn;Sverige;GWh;;Interp;141.29399999999998;270.08999999999997;375.7;481.31;385.048;288.786;192.524;96.262;0;0;0;0;0;0;0;0;0;0;0;0;0;0;0;0;0;0;0;0;0;0;0;0;0;0;0;0;0;0;0
;Key\Service\Stationär energianvändning\Hushåll\Stadsgas;Activity Level;Lokal miljöhänsyn;Sverige;GWh;;Interp;21.03;20.323999999999998;20.411999999999999;20.5;20.5;20.5;20.5;20.5;20.5;20.5;20.5;20.5;20.5;20.5;20.5;20.5;20.5;20.5;20.5;20.5;20.5;20.5;20.5;20.5;20.5;20.5;20.5;20.5;20.5;20.5;20.5;20.5;20.5;20.5;20.5;20.5;20.5;20.5;20.5
;Key\Service\Stationär energianvändning\Hushåll\Övriga bränslen;Activity Level;Lokal miljöhänsyn;Sverige;GWh;;Interp;0;0;0;0;0;0;0;0;0;0;0;0;0;0;0;0;0;0;0;0;0;0;0;0;0;0;0;0;0;0;0;0;0;0;0;0;0;0;0
;Key\Service\Stationär energianvändning\Datacenter\Datacenter;Activity Level;Lokal miljöhänsyn;Sverige;TWh;;Interp;2.585;2.5271179999999998;2.5078239999999998;2.4885299999999999;2.5403319999999998;2.5921339999999997;2.6439360000000001;2.695738;2.7475399999999999;2.8047339999999998;2.8619279999999998;2.9191220000000002;2.9763160000000002;3.0335100000000002;3.0966560000000003;3.159802;3.2229480000000001;3.2860939999999998;3.34924;3.4189579999999999;3.4886759999999999;3.5583940000000003;3.6281120000000002;3.6978300000000002;3.774804;3.8517779999999999;3.9287520000000002;4.0057260000000001;4.0827;4.1676859999999998;4.2526719999999996;4.3376580000000002;4.422644;4.5076299999999998;4.6014619999999997;4.6952939999999996;4.7891260000000004;4.8829580000000004;4.9767900000000003
;Key\Produktion av industrivaror\Järn;Activity Level;Lokal miljöhänsyn;Sverige;ton;;Interp;3185275;3185275;3185275;3185275;3185275;3185275;3185275;3185275;3185275;3185275;3185275;3185275;3185275;3185275;3185275;3185275;3185275;3185275;3185275;3185275;3185275;3185275;3185275;3185275;3185275;3185275;3185275;3185275;3185275;3185275;3185275;3185275;3185275;3185275;3185275;3185275;3185275;3185275;3185275
;Key\Produktion av industrivaror\Cement;Activity Level;Lokal miljöhänsyn;Sverige;ton;;Interp;2438000;2438000;2438000;2438000;2438000;2438000;2438000;2438000;2438000;2438000;2438000;2438000;2438000;2438000;2438000;2438000;2438000;2438000;2438000;2438000;2438000;2438000;2438000;2438000;2438000;2438000;2438000;2438000;2438000;2438000;2438000;2438000;2438000;2438000;2438000;2438000;2438000;2438000;2438000
;Key\Produktion av industrivaror\Kalk;Activity Level;Lokal miljöhänsyn;Sverige;ton;;Interp;483000;483000;483000;483000;483000;483000;483000;483000;483000;483000;483000;483000;483000;483000;483000;483000;483000;483000;483000;483000;483000;483000;483000;483000;483000;483000;483000;483000;483000;483000;483000;483000;483000;483000;483000;483000;483000;483000;483000
;Key\Produktion av industrivaror\Aluminium;Activity Level;Lokal miljöhänsyn;Sverige;ton;;Interp;114900;114900;114900;114900;114900;114900;114900;114900;114900;114900;114900;114900;114900;114900;114900;114900;114900;114900;114900;114900;114900;114900;114900;114900;114900;114900;114900;114900;114900;114900;114900;114900;114900;114900;114900;114900;114900;114900;114900
;Key\Produktion av industrivaror\Smörjningsmedel;Activity Level;Lokal miljöhänsyn;Sverige;ton;;Interp;287170;287170;287170;287170;287170;287170;287170;287170;287170;287170;287170;287170;287170;287170;287170;287170;287170;287170;287170;287170;287170;287170;287170;287170;287170;287170;287170;287170;287170;287170;287170;287170;287170;287170;287170;287170;287170;287170;287170
;Key\Produktion av industrivaror\Processutsläpp järnproduktion;Activity Level;Lokal miljöhänsyn;Sverige;ton CO2;;Interp;1911165;1707807;1707807;1707807;1707807;1707807;1707807;1707807;1720048.5;1720048.5;1720048.5;1720048.5;1720048.5;963227.16000000015;963227.16000000015;963227.16000000015;963227.16000000015;963227.16000000015;654994.46880000015;654994.46880000015;654994.46880000015;654994.46880000015;654994.46880000015;628794.69004800008;628794.69004800008;628794.69004800008;628794.69004800008;628794.69004800008;628794.69004800008;628794.69004800008;628794.69004800008;628794.69004800008;628794.69004800008;628794.69004800008;628794.69004800008;628794.69004800008;628794.69004800008;628794.69004800008;628794.69004800008
;Key\Produktion av industrivaror\Processutsläpp direktreducerad järnproduktion;Activity Level;Lokal miljöhänsyn;Sverige;ton CO2;;Interp;132700;132700;132700;132700;132700;132700;132700;132700;119430;119430;119430;119430;119430;66880.800000000003;66880.800000000003;66880.800000000003;66880.800000000003;66880.800000000003;45478.944000000003;45478.944000000003;45478.944000000003;45478.944000000003;45478.944000000003;43659.786240000001;43659.786240000001;43659.786240000001;43659.786240000001;43659.786240000001;43659.786240000001;43659.786240000001;43659.786240000001;43659.786240000001;43659.786240000001;43659.786240000001;43659.786240000001;43659.786240000001;43659.786240000001;43659.786240000001;43659.786240000001
;Key\Produktion av industrivaror\Processutsläpp stålproduktion;Activity Level;Lokal miljöhänsyn;Sverige;ton CO2;;Interp;142600;142600;142600;142600;142600;142600;142600;142600;128340;128340;128340;128340;128340;71870.400000000009;71870.400000000009;71870.400000000009;71870.400000000009;71870.400000000009;48871.87200000001;48871.87200000001;48871.87200000001;48871.87200000001;48871.87200000001;46916.997120000007;46916.997120000007;46916.997120000007;46916.997120000007;46916.997120000007;46916.997120000007;46916.997120000007;46916.997120000007;46916.997120000007;46916.997120000007;46916.997120000007;46916.997120000007;46916.997120000007;46916.997120000007;46916.997120000007;46916.997120000007
;Key\Produktion av industrivaror\Processutsläpp kemiindustri;Activity Level;Lokal miljöhänsyn;Sverige;ton CO2;;Interp;942000;888000;861000;834000;834000;834000;834000;834000;834000;834000;834000;834000;834000;834000;780000;726000;672000;618000;564000;564000;564000;564000;564000;564000;564000;564000;564000;564000;564000;564000;564000;564000;564000;564000;564000;564000;564000;564000;564000
;Key\Produktion av industrivaror\Processutsläpp järnlegeringsproduktion;Activity Level;Lokal miljöhänsyn;Sverige;ton CO2;;Interp;162900;162900;162900;162900;162900;162900;162900;162900;146610;146610;146610;146610;146610;82101.600000000006;82101.600000000006;82101.600000000006;82101.600000000006;82101.600000000006;55829.088000000011;55829.088000000011;55829.088000000011;55829.088000000011;55829.088000000011;53595.924480000009;53595.924480000009;53595.924480000009;53595.924480000009;53595.924480000009;53595.924480000009;53595.924480000009;53595.924480000009;53595.924480000009;53595.924480000009;53595.924480000009;53595.924480000009;53595.924480000009;53595.924480000009;53595.924480000009;53595.924480000009
;Key\Produktion av industrivaror\Processutsläpp aluminiumproduktion;Activity Level;Lokal miljöhänsyn;Sverige;ton CO2;;Interp;172350;172350;172350;172350;172350;172350;172350;172350;155115;155115;155115;155115;155115;86864.400000000009;86864.400000000009;86864.400000000009;86864.400000000009;86864.400000000009;59067.792000000009;59067.792000000009;59067.792000000009;59067.792000000009;59067.792000000009;56705.080320000008;56705.080320000008;56705.080320000008;56705.080320000008;56705.080320000008;56705.080320000008;56705.080320000008;56705.080320000008;56705.080320000008;56705.080320000008;56705.080320000008;56705.080320000008;56705.080320000008;56705.080320000008;56705.080320000008;56705.080320000008
;Key\Produktion av industrivaror\Processutsläpp övrig metallindustri;Activity Level;Lokal miljöhänsyn;Sverige;ton CO2;;Interp;278100;271920;268830;265740;262650;259560;256470;253380;250290;228264.48;206238.96000000002;184213.44;162187.92000000001;140162.40000000002;131192.00640000001;122221.61280000003;113251.21920000002;104280.82560000003;95310.43200000003;94547.948544000028;93785.465088000026;93022.981632000025;92260.498176000023;91498.014720000021;91498.014720000021;91498.014720000021;91498.014720000021;91498.014720000021;91498.014720000021;91498.014720000021;91498.014720000021;91498.014720000021;91498.014720000021;91498.014720000021;91498.014720000021;91498.014720000021;91498.014720000021;91498.014720000021;91498.014720000021
;Key\Produktion av industrivaror\Processutsläpp massa och pappersindustri;Activity Level;Lokal miljöhänsyn;Sverige;ton CO2;;Interp;90500;90500;90500;90500;90500;90500;90500;90500;90500;90500;90500;90500;90500;90500;90500;90500;90500;90500;90500;90500;90500;90500;90500;90500;90500;90500;90500;90500;90500;90500;90500;90500;90500;90500;90500;90500;90500;90500;90500
;Key\Produktion av industrivaror\Processutsläpp pelletsproduktion;Activity Level;Lokal miljöhänsyn;Sverige;ton CO2;;Interp;107400;107400;107400;107400;107400;107400;107400;107400;107400;107400;107400;107400;107400;107400;107400;107400;107400;107400;107400;107400;107400;107400;107400;107400;107400;107400;107400;107400;107400;107400;107400;107400;107400;107400;107400;107400;107400;107400;107400
;Key\Produktion av industrivaror\Processutsläpp för cementproduktion;Activity Level;Lokal miljöhänsyn;Sverige;ton CO2;;Interp;1279950;1369546.5;1369546.5;1369546.5;1369546.5;1369546.5;1369546.5;1369546.5;1369546.5;1369546.5;1369546.5;1369546.5;1369546.5;1369546.5;1369546.5;1369546.5;1369546.5;1369546.5;1369546.5;1369546.5;1369546.5;1369546.5;1369546.5;1369546.5;1369546.5;1369546.5;1369546.5;1369546.5;1369546.5;1369546.5;1369546.5;1369546.5;1369546.5;1369546.5;1369546.5;1369546.5;1369546.5;1369546.5;1369546.5
;Key\Produktion av industrivaror\Processutsläpp kalkproduktion;Activity Level;Lokal miljöhänsyn;Sverige;ton CO2;;Interp;360221.4;385436.89800000004;385436.89800000004;385436.89800000004;385436.89800000004;385436.89800000004;385436.89800000004;385436.89800000004;385436.89800000004;385436.89800000004;385436.89800000004;385436.89800000004;385436.89800000004;385436.89800000004;385436.89800000004;385436.89800000004;385436.89800000004;385436.89800000004;385436.89800000004;385436.89800000004;385436.89800000004;385436.89800000004;385436.89800000004;385436.89800000004;385436.89800000004;385436.89800000004;385436.89800000004;385436.89800000004;385436.89800000004;385436.89800000004;385436.89800000004;385436.89800000004;385436.89800000004;385436.89800000004;385436.89800000004;385436.89800000004;385436.89800000004;385436.89800000004;385436.89800000004
;Key\Produktion av industrivaror\Processutsläpp smörjningsmedel;Activity Level;Lokal miljöhänsyn;Sverige;ton CO2;;Interp;197572.96;197572.96;197572.96;197572.96;197572.96;197572.96;197572.96;197572.96;197572.96;197572.96;197572.96;197572.96;197572.96;197572.96;197572.96;197572.96;197572.96;197572.96;197572.96;197572.96;197572.96;197572.96;197572.96;197572.96;197572.96;197572.96;197572.96;197572.96;197572.96;197572.96;197572.96;197572.96;197572.96;197572.96;197572.96;197572.96;197572.96;197572.96;197572.96
;Key\Produktion av industrivaror\Processutsläpp parrafinvax;Activity Level;Lokal miljöhänsyn;Sverige;ton CO2;;Interp;31440;31440;31440;31440;31440;31440;31440;31440;31440;31440;31440;31440;31440;31440;31440;31440;31440;31440;31440;31440;31440;31440;31440;31440;31440;31440;31440;31440;31440;31440;31440;31440;31440;31440;31440;31440;31440;31440;31440
;Key\Produktion av industrivaror\Processutsläpp övriga icke energi;Activity Level;Lokal miljöhänsyn;Sverige;ton CO2;;Interp;141050;141050;141050;141050;141050;141050;141050;141050;141050;141050;141050;141050;141050;141050;141050;141050;141050;141050;141050;141050;141050;141050;141050;141050;141050;141050;141050;141050;141050;141050;141050;141050;141050;141050;141050;141050;141050;141050;141050
;Key\Industri\Papper och massa\Trädbränsle;Activity Level;Lokal miljöhänsyn;Sverige;TWh;;Interp;0;10.454696;10.101308;9.7479200000000006;8.8272019999999998;7.9064840000000007;6.9857659999999999;6.065048;5.1443300000000001;4.5808960000000001;4.0174620000000001;3.4540280000000001;2.8905940000000001;2.3271600000000001;1.861728;1.396296;0.93086400000000014;0.46543199999999985;0;0;0;0;0;0;0;0;0;0;0;0;0;0;0;0;0;0;0;0;0
;Key\Industri\Papper och massa\Avlutar;Activity Level;Lokal miljöhänsyn;Sverige;TWh;;Interp;0;39.366542000000003;39.430436;39.494329999999998;38.645089999999996;37.795850000000002;36.94661;36.097370000000005;35.248130000000003;34.727498000000004;34.206866000000005;33.686233999999999;33.165602;32.644970000000001;31.81223;30.979489999999998;30.146750000000001;29.31401;28.481269999999999;28.561513999999999;28.641757999999999;28.722002;28.802246;28.882490000000001;29.441896;30.001301999999999;30.560708000000002;31.120114000000001;31.67952;32.180349999999997;32.681179999999998;33.182009999999998;33.682839999999999;34.183669999999999;34.383220000000001;34.582770000000004;34.782319999999999;34.981870000000001;35.181420000000003
;Key\Industri\Papper och massa\Torv;Activity Level;Lokal miljöhänsyn;Sverige;TWh;;Interp;0;0;0;0;0;0;0;0;0;0;0;0;0;0;0;0;0;0;0;0;0;0;0;0;0;0;0;0;0;0;0;0;0;0;0;0;0;0;0
;Key\Industri\Papper och massa\Koks;Activity Level;Lokal miljöhänsyn;Sverige;TWh;;Interp;0;0;0;0;0;0;0;0;0;0;0;0;0;0;0;0;0;0;0;0;0;0;0;0;0;0;0;0;0;0;0;0;0;0;0;0;0;0;0
;Key\Industri\Papper och massa\Koks och masugnsgas;Activity Level;Lokal miljöhänsyn;Sverige;TWh;;Interp;0;0;0;0;0;0;0;0;0;0;0;0;0;0;0;0;0;0;0;0;0;0;0;0;0;0;0;0;0;0;0;0;0;0;0;0;0;0;0
;Key\Industri\Papper och massa\Kol;Activity Level;Lokal miljöhänsyn;Sverige;TWh;;Interp;0;0.10331800000000001;0.102824;0.10233;0.11649000000000001;0.13065000000000002;0.14480999999999999;0.15897;0.17313000000000001;0.17402200000000001;0.17491400000000001;0.17580599999999999;0.17669799999999999;0.17759;0.142072;0.106554;7.1036000000000002E-2;3.5517999999999994E-2;0;9.1540000000000007E-3;1.8308000000000001E-2;2.7461999999999997E-2;3.6616000000000003E-2;4.5769999999999998E-2;3.6615999999999996E-2;2.7461999999999997E-2;1.8308000000000001E-2;9.1539999999999955E-3;0;0;0;0;0;0;0;0;0;0;0
;Key\Industri\Papper och massa\Gasol;Activity Level;Lokal miljöhänsyn;Sverige;TWh;;Interp;0;0.53262399999999999;0.4198019999999999;0.30697999999999998;0.34945999999999999;0.39193999999999996;0.43441999999999992;0.47689999999999999;0.51937999999999995;0.51738399999999996;0.51538799999999996;0.51339199999999996;0.51139599999999996;0.50939999999999996;0.49454599999999999;0.47969200000000001;0.46483799999999997;0.449984;0.43513000000000002;0.38196800000000003;0.32880600000000004;0.275644;0.22248200000000001;0.16932;0.13545599999999999;0.101592;6.7727999999999997E-2;3.3864000000000005E-2;0;0;0;0;0;0;3.4582000000000002E-2;6.9164000000000003E-2;0.103746;0.13832800000000001;0.17291000000000001
;Key\Industri\Papper och massa\Lättoljor;Activity Level;Lokal miljöhänsyn;Sverige;TWh;;Interp;0;0.41634800000000005;0.45969400000000005;0.50304000000000004;0.45748600000000006;0.41193200000000002;0.36637800000000004;0.320824;0.27527000000000001;0.25082199999999999;0.22637400000000002;0.20192599999999999;0.177478;0.15303;0.143652;0.134274;0.12489600000000001;0.115518;0.10614;8.4912000000000001E-2;6.3683999999999991E-2;4.2456000000000008E-2;2.1227999999999997E-2;0;0;0;0;0;0;0;0;0;0;0;0;0;0;0;0
;Key\Industri\Papper och massa\Tjockolja;Activity Level;Lokal miljöhänsyn;Sverige;TWh;;Interp;0;0.96587200000000006;0.948156;0.93044000000000004;0.88555000000000006;0.84065999999999996;0.79577000000000009;0.75087999999999999;0.70599000000000001;0.67265600000000003;0.63932200000000006;0.60598799999999997;0.572654;0.53932000000000002;0.502884;0.46644800000000003;0.43001200000000001;0.39357600000000004;0.35714000000000001;0.288524;0.21990800000000002;0.15129200000000001;8.2676000000000027E-2;1.406E-2;1.1247999999999999E-2;8.4359999999999991E-3;5.6240000000000005E-3;2.8119999999999985E-3;0;0;0;0;0;0;0;0;0;0;0
;Key\Industri\Papper och massa\Naturgas;Activity Level;Lokal miljöhänsyn;Sverige;TWh;;Interp;0;0.52716399999999997;0.47722199999999998;0.42727999999999999;0.42714399999999997;0.427008;0.42687199999999997;0.426736;0.42659999999999998;0.41006799999999999;0.393536;0.37700400000000001;0.36047200000000001;0.34394000000000002;0.329426;0.31491200000000003;0.300398;0.28588400000000003;0.27137;0.263596;0.25582199999999999;0.24804800000000002;0.24027400000000002;0.23250000000000001;0.224164;0.21582799999999999;0.20749200000000001;0.199156;0.19081999999999999;0.15265599999999999;0.11449199999999998;7.6328000000000007E-2;3.8163999999999976E-2;0;0;0;0;0;0
;Key\Industri\Papper och massa\El exkl elpannor;Activity Level;Lokal miljöhänsyn;Sverige;TWh;;Interp;0;16.064515999999998;15.987658;15.9108;15.420532;14.930263999999999;14.439996000000001;13.949728;13.45946;13.06873;12.678000000000001;12.287269999999999;11.89654;11.50581;11.11914;10.732469999999999;10.345800000000001;9.95913;9.5724599999999995;9.5214239999999997;9.4703879999999998;9.4193519999999999;9.3683160000000001;9.3172800000000002;9.3905379999999994;9.4637960000000003;9.5370539999999995;9.6103120000000004;9.6835699999999996;9.7468039999999991;9.8100379999999987;9.873272;9.9365059999999996;9.9997399999999992;9.9650579999999991;9.930375999999999;9.8956940000000007;9.8610120000000006;9.8263300000000005
;Key\Industri\Papper och massa\El till elpannor;Activity Level;Lokal miljöhänsyn;Sverige;TWh;;Interp;0;1.304942;1.3993760000000002;1.4938100000000001;1.2539960000000001;1.0141819999999999;0.77436800000000006;0.53455399999999997;0.29474;0.25684400000000002;0.218948;0.18105200000000002;0.14315600000000001;0.10526000000000001;0.27704800000000002;0.44883600000000001;0.62062399999999995;0.79241200000000001;0.96419999999999995;0.83735199999999999;0.71050400000000002;0.58365599999999995;0.45680799999999999;0.32995999999999998;0.32667199999999996;0.323384;0.32009599999999999;0.31680800000000003;0.31352000000000002;0.25081600000000004;0.188112;0.12540800000000002;6.2703999999999982E-2;0;0;0;0;0;0
;Key\Industri\Papper och massa\Biokol;Activity Level;Lokal miljöhänsyn;Sverige;TWh;;Interp;0;0;0;0;0;0;0;0;0;0;0;0;0;0;0;0;0;0;0;0;0;0;0;0;0;0;0;0;0;2.8914000000000002E-2;5.7828000000000004E-2;8.6742E-2;0.11565600000000001;0.14457;0.13375600000000001;0.122942;0.11212800000000001;0.10131399999999999;9.0499999999999997E-2
;Key\Industri\Papper och massa\Biogas;Activity Level;Lokal miljöhänsyn;Sverige;TWh;;Interp;0;0;0;0;0;0;0;0;0;0;0;0;0;0;0;0;0;0;0;0;0;0;0;0;0;0;0;0;0;2.8914000000000002E-2;5.7828000000000004E-2;8.6742E-2;0.11565600000000001;0.14457;0.13375600000000001;0.122942;0.11212800000000001;0.10131399999999999;9.0499999999999997E-2
;Key\Industri\Papper och massa\Biogasol;Activity Level;Lokal miljöhänsyn;Sverige;TWh;;Interp;0;0.18418799999999999;0.245584;0.30697999999999998;0.24558399999999997;0.18418799999999996;0.12279199999999998;6.1395999999999978E-2;0;0;0;0;0;0;0;0;0;0;0;3.8044000000000001E-2;7.6088000000000003E-2;0.114132;0.15217600000000001;0.19022;0.22691;0.2636;0.30029;0.33698;0.37367;0.37611;0.37855;0.38099;0.38342999999999999;0.38586999999999999;0.34994999999999998;0.31402999999999998;0.27811000000000002;0.24218999999999999;0.20627000000000001
;Key\Industri\Papper och massa\Bioolja;Activity Level;Lokal miljöhänsyn;Sverige;TWh;;Interp;0;1.9836799999999999;1.9741899999999999;1.9646999999999999;1.9041599999999999;1.8436199999999998;1.78308;1.72254;1.6619999999999999;1.6137519999999999;1.565504;1.5172559999999999;1.4690080000000001;1.42076;1.373014;1.3252679999999999;1.277522;1.229776;1.1820299999999999;1.268248;1.3544659999999999;1.4406840000000001;1.5269020000000002;1.6131200000000001;1.6260020000000002;1.638884;1.6517660000000001;1.6646479999999999;1.67753;1.6989799999999999;1.7204299999999999;1.7418800000000001;1.7633300000000001;1.78478;1.788904;1.7930280000000001;1.7971519999999999;1.8012759999999999;1.8053999999999999
;Key\Industri\Papper och massa\Vätgas;Activity Level;Lokal miljöhänsyn;Sverige;TWh;;Interp;0;0;0;0;0;0;0;0;0;0;0;0;0;0;0;0;0;0;0;0;0;0;0;0;0;0;0;0;0;0;0;0;0;0;0;0;0;0;0
;Key\Industri\Papper och massa\Övriga bränslen;Activity Level;Lokal miljöhänsyn;Sverige;TWh;;Interp;0;0;0;0;0;0;0;0;0;0;0;0;0;0;0;0;0;0;0;0;0;0;0;0;0;0;0;0;0;0;0;0;0;0;0;0;0;0;0
;Key\Industri\Papper och massa\CCS;Activity Level;Lokal miljöhänsyn;Sverige;kton CO2;;Interp;0;0;0;0;199;398;597;796;995;1194;1393;1592;1791;1990;2080;2170;2260;2350;2440;2857;3274;3691;4108;4525;4826.6000000000004;5128.2;5429.8;5731.4;6033;6054;6075;6096;6117;6138;6304.2;6470.4;6636.6;6802.8;6969
;Key\Industri\Järn och stål\Trädbränsle;Activity Level;Lokal miljöhänsyn;Sverige;TWh;;Interp;0;0;0;0;0;0;0;0;0;0;0;0;0;0;0;0;0;0;0;0;0;0;0;0;0;0;0;0;0;0;0;0;0;0;0;0;0;0;0
;Key\Industri\Järn och stål\Avlutar;Activity Level;Lokal miljöhänsyn;Sverige;TWh;;Interp;0;0;0;0;0;0;0;0;0;0;0;0;0;0;0;0;0;0;0;0;0;0;0;0;0;0;0;0;0;0;0;0;0;0;0;0;0;0;0
;Key\Industri\Järn och stål\Torv;Activity Level;Lokal miljöhänsyn;Sverige;TWh;;Interp;0;0;0;0;0;0;0;0;0;0;0;0;0;0;0;0;0;0;0;0;0;0;0;0;0;0;0;0;0;0;0;0;0;0;0;0;0;0;0
;Key\Industri\Järn och stål\Koks;Activity Level;Lokal miljöhänsyn;Sverige;TWh;;Interp;0;5.7690980000000005;5.785774;5.8024500000000003;4.8376840000000003;3.8729180000000003;2.9081520000000003;1.9433860000000003;0.97862000000000005;0.95535200000000009;0.93208400000000002;0.90881600000000007;0.885548;0.86228000000000005;0.72883799999999999;0.59539600000000004;0.46195400000000003;0.32851199999999992;0.19506999999999999;0.156056;0.11704199999999999;7.8028E-2;3.9013999999999993E-2;0;0;0;0;0;0;0;0;0;0;0;0;0;0;0;0
;Key\Industri\Järn och stål\Koks och masugnsgas;Activity Level;Lokal miljöhänsyn;Sverige;TWh;;Interp;0;2.0370080000000002;1.999954;1.9629000000000001;1.5848200000000001;1.2067399999999999;0.82866000000000017;0.45057999999999998;7.2499999999999995E-2;7.2020000000000001E-2;7.1539999999999992E-2;7.1059999999999998E-2;7.057999999999999E-2;7.0099999999999996E-2;5.9981999999999994E-2;4.9863999999999992E-2;3.9746000000000004E-2;2.9627999999999995E-2;1.951E-2;1.5608E-2;1.1705999999999999E-2;7.8040000000000002E-3;3.9019999999999992E-3;0;0;0;0;0;0;0;0;0;0;0;0;0;0;0;0
;Key\Industri\Järn och stål\Kol;Activity Level;Lokal miljöhänsyn;Sverige;TWh;;Interp;0;3.6781199999999998;3.6781199999999998;3.6781199999999998;2.955514;2.2329080000000001;1.5103020000000003;0.78769599999999995;6.5089999999999995E-2;6.4596000000000001E-2;6.4101999999999992E-2;6.3607999999999998E-2;6.311399999999999E-2;6.2619999999999995E-2;5.0095999999999995E-2;3.7571999999999994E-2;2.5048000000000001E-2;1.2523999999999993E-2;0;0;0;0;0;0;0;0;0;0;0;0;0;0;0;0;0;0;0;0;0
;Key\Industri\Järn och stål\Gasol;Activity Level;Lokal miljöhänsyn;Sverige;TWh;;Interp;0;0.16542400000000002;0.14156199999999999;0.1177;0.13569200000000001;0.15368400000000002;0.171676;0.189668;0.20766000000000001;0.20753000000000002;0.2074;0.20727000000000001;0.20713999999999999;0.20701;0.20689199999999999;0.20677399999999999;0.20665600000000001;0.206538;0.20641999999999999;0.16513600000000001;0.12385199999999999;8.2568000000000003E-2;4.1283999999999987E-2;0;0;0;0;0;0;0;0;0;0;0;0;0;0;0;0
;Key\Industri\Järn och stål\Lättoljor;Activity Level;Lokal miljöhänsyn;Sverige;TWh;;Interp;0;0.35636800000000002;0.33713399999999999;0.31790000000000002;0.33689400000000003;0.35588800000000004;0.37488199999999999;0.393876;0.41287000000000001;0.41286600000000001;0.41286200000000001;0.412858;0.412854;0.41284999999999999;0.41284999999999999;0.41284999999999999;0.41284999999999999;0.41284999999999999;0.41284999999999999;0.33028000000000002;0.24770999999999999;0.16514000000000001;8.2569999999999977E-2;0;0;0;0;0;0;0;0;0;0;0;0;0;0;0;0
;Key\Industri\Järn och stål\Tjockolja;Activity Level;Lokal miljöhänsyn;Sverige;TWh;;Interp;0;0;0;0;0;0;0;0;0;0;0;0;0;0;0;0;0;0;0;0;0;0;0;0;0;0;0;0;0;0;0;0;0;0;0;0;0;0;0
;Key\Industri\Järn och stål\Naturgas;Activity Level;Lokal miljöhänsyn;Sverige;TWh;;Interp;0;1.9424919999999999;1.974216;2.0059399999999998;2.2921239999999998;2.5783079999999998;2.8644919999999998;3.1506759999999998;3.4368599999999998;3.40326;3.3696600000000001;3.3360599999999998;3.30246;3.2688600000000001;3.2689780000000002;3.2690960000000002;3.2692139999999998;3.2693319999999999;3.26945;2.9402179999999998;2.610986;2.2817539999999998;1.9525219999999999;1.6232899999999999;1.6232899999999999;1.6232899999999999;1.6232899999999999;1.6232899999999999;1.6232899999999999;1.5856979999999998;1.548106;1.5105139999999999;1.4729220000000001;1.43533;1.148264;0.86119800000000002;0.57413199999999998;0.28706600000000004;0
;Key\Industri\Järn och stål\El exkl elpannor;Activity Level;Lokal miljöhänsyn;Sverige;TWh;;Interp;0;4.9514880000000003;4.9683640000000002;4.9852400000000001;5.9471280000000002;6.9090160000000003;7.8709039999999995;8.8327919999999995;9.7946799999999996;10.136922;10.479164000000001;10.821406;11.163648;11.505890000000001;11.505144000000001;11.504398;11.503652000000001;11.502905999999999;11.50216;11.518914000000001;11.535667999999999;11.552422;11.569175999999999;11.585929999999999;11.585929999999999;11.585929999999999;11.585929999999999;11.585929999999999;11.585929999999999;11.585929999999999;11.585929999999999;11.585929999999999;11.585929999999999;11.585929999999999;11.585929999999999;11.585929999999999;11.585929999999999;11.585929999999999;11.585929999999999
;Key\Industri\Järn och stål\El till elpannor;Activity Level;Lokal miljöhänsyn;Sverige;TWh;;Interp;0;0;0;0;0;0;0;0;0;0;0;0;0;0;0;0;0;0;0;0;0;0;0;0;0;0;0;0;0;0;0;0;0;0;0;0;0;0;0
;Key\Industri\Järn och stål\Biokol;Activity Level;Lokal miljöhänsyn;Sverige;TWh;;Interp;0;0;0;0;0;0;0;0;0;2.2616000000000001E-2;4.5232000000000001E-2;6.7847999999999992E-2;9.0464000000000003E-2;0.11308;0.259044;0.40500800000000003;0.55097200000000002;0.696936;0.84289999999999998;0.88191599999999992;0.92093199999999997;0.95994799999999991;0.99896399999999996;1.0379799999999999;1.0379799999999999;1.0379799999999999;1.0379799999999999;1.0379799999999999;1.0379799999999999;1.0379799999999999;1.0379799999999999;1.0379799999999999;1.0379799999999999;1.0379799999999999;1.0379799999999999;1.0379799999999999;1.0379799999999999;1.0379799999999999;1.0379799999999999
;Key\Industri\Järn och stål\Biogas;Activity Level;Lokal miljöhänsyn;Sverige;TWh;;Interp;0;0;0;0;0;0;0;0;0;0;0;0;0;0;0;0;0;0;0;0;0;0;0;0;0;0;0;0;0;3.7590000000000005E-2;7.5180000000000011E-2;0.11277;0.15036000000000002;0.18795000000000001;0.475018;0.76208600000000004;1.0491539999999999;1.336222;1.6232899999999999
;Key\Industri\Järn och stål\Biogasol;Activity Level;Lokal miljöhänsyn;Sverige;TWh;;Interp;0;7.1580000000000005E-2;9.5440000000000011E-2;0.1193;9.5439999999999997E-2;7.1580000000000005E-2;4.7719999999999999E-2;2.3859999999999992E-2;0;0;0;0;0;0;0;0;0;0;0;4.1284000000000001E-2;8.2568000000000003E-2;0.12385199999999999;0.16513600000000001;0.20641999999999999;0.20641999999999999;0.20641999999999999;0.20641999999999999;0.20641999999999999;0.20641999999999999;0.20641999999999999;0.20641999999999999;0.20641999999999999;0.20641999999999999;0.20641999999999999;0.20641999999999999;0.20641999999999999;0.20641999999999999;0.20641999999999999;0.20641999999999999
;Key\Industri\Järn och stål\Bioolja;Activity Level;Lokal miljöhänsyn;Sverige;TWh;;Interp;0;0;0;0;1.2500000000000002E-3;2.5000000000000005E-3;3.7499999999999999E-3;5.000000000000001E-3;6.2500000000000003E-3;6.3960000000000006E-3;6.5420000000000001E-3;6.6880000000000004E-3;6.8339999999999998E-3;6.9800000000000001E-3;5.8960000000000002E-3;4.8120000000000003E-3;3.728E-3;2.6439999999999996E-3;1.56E-3;8.3818000000000004E-2;0.166076;0.248334;0.330592;0.41284999999999999;0.41284999999999999;0.41284999999999999;0.41284999999999999;0.41284999999999999;0.41284999999999999;0.41284999999999999;0.41284999999999999;0.41284999999999999;0.41284999999999999;0.41284999999999999;0.41284999999999999;0.41284999999999999;0.41284999999999999;0.41284999999999999;0.41284999999999999
;Key\Industri\Järn och stål\Övriga bränslen;Activity Level;Lokal miljöhänsyn;Sverige;TWh;;Interp;0;0;0;0;0;0;0;0;0;0;0;0;0;0;0;0;0;0;0;0;0;0;0;0;0;0;0;0;0;0;0;0;0;0;0;0;0;0;0
;Key\Industri\Järn och stål\Vätgas;Activity Level;Lokal miljöhänsyn;Sverige;TWh;;Interp;0;0;0;0;0.59918800000000005;1.1983760000000001;1.7975639999999999;2.3967520000000002;2.99594;4.2140719999999998;5.4322040000000005;6.6503360000000002;7.8684680000000009;9.0866000000000007;9.096718000000001;9.1068360000000013;9.1169539999999998;9.1270720000000001;9.1371900000000004;9.4502079999999999;9.7632259999999995;10.076244000000001;10.389262;10.70228;10.70228;10.70228;10.70228;10.70228;10.70228;10.70228;10.70228;10.70228;10.70228;10.70228;10.70228;10.70228;10.70228;10.70228;10.70228
;Key\Industri\Järn och stål\El till elektrolys;Activity Level;Lokal miljöhänsyn;Sverige;TWh;;Interp;0;0;0;0;0.89596000000000009;1.7919200000000002;2.6878799999999998;3.5838400000000004;4.4798;6.3314520000000005;8.1831040000000002;10.034756;11.886407999999999;13.738060000000001;13.73554;13.73302;13.730500000000001;13.727980000000001;13.72546;14.168367999999999;14.611276;15.054183999999999;15.497092;15.94;15.913243999999999;15.886488;15.859731999999999;15.832976;15.80622;15.779465999999999;15.752711999999999;15.725958;15.699204;15.67245;15.645693999999999;15.618938;15.592181999999999;15.565426;15.53867
;Key\Industri\Gruvindustri\Trädbränsle;Activity Level;Lokal miljöhänsyn;Sverige;TWh;;Interp;0;6.3017999999999991E-2;8.4024000000000001E-2;0.10503;0.12603600000000001;0.14704200000000001;0.16804799999999998;0.189054;0.21006;0.21006;0.21006;0.21006;0.21006;0.21006;0.21006;0.21006;0.21006;0.21006;0.21006;0.21006;0.21006;0.21006;0.21006;0.21006;0.21006;0.21006;0.21006;0.21006;0.21006;0.21006;0.21006;0.21006;0.21006;0.21006;0.21006;0.21006;0.21006;0.21006;0.21006
;Key\Industri\Gruvindustri\Avlutar;Activity Level;Lokal miljöhänsyn;Sverige;TWh;;Interp;0;0;0;0;0;0;0;0;0;0;0;0;0;0;0;0;0;0;0;0;0;0;0;0;0;0;0;0;0;0;0;0;0;0;0;0;0;0;0
;Key\Industri\Gruvindustri\Torv;Activity Level;Lokal miljöhänsyn;Sverige;TWh;;Interp;0;0;0;0;0;0;0;0;0;0;0;0;0;0;0;0;0;0;0;0;0;0;0;0;0;0;0;0;0;0;0;0;0;0;0;0;0;0;0
;Key\Industri\Gruvindustri\Kol;Activity Level;Lokal miljöhänsyn;Sverige;TWh;;Interp;0;1.2603599999999999;1.2603599999999999;1.2603599999999999;1.2603599999999999;1.2603599999999999;1.2603599999999999;1.2603599999999999;1.2603599999999999;1.2467459999999999;1.2331319999999999;1.2195180000000001;1.2059040000000001;1.1922900000000001;0.95383200000000001;0.71537399999999995;0.47691600000000001;0.23845799999999995;0;0;0;0;0;0;0;0;0;0;0;0;0;0;0;0;0;0;0;0;0
;Key\Industri\Gruvindustri\Koks;Activity Level;Lokal miljöhänsyn;Sverige;TWh;;Interp;0;0;0;0;0;0;0;0;0;0;0;0;0;0;0;0;0;0;0;0;0;0;0;0;0;0;0;0;0;0;0;0;0;0;0;0;0;0;0
;Key\Industri\Gruvindustri\Koks och masugnsgas;Activity Level;Lokal miljöhänsyn;Sverige;TWh;;Interp;0;0;0;0;0;0;0;0;0;0;0;0;0;0;0;0;0;0;0;0;0;0;0;0;0;0;0;0;0;0;0;0;0;0;0;0;0;0;0
;Key\Industri\Gruvindustri\Gasol;Activity Level;Lokal miljöhänsyn;Sverige;TWh;;Interp;0;0;0;0;0;0;0;0;0;0;0;0;0;0;0;0;0;0;0;0;0;0;0;0;0;0;0;0;0;0;0;0;0;0;0;0;0;0;0
;Key\Industri\Gruvindustri\Lättoljor;Activity Level;Lokal miljöhänsyn;Sverige;TWh;;Interp;0;0.11133200000000001;9.2425999999999994E-2;7.3520000000000002E-2;5.8816E-2;4.4111999999999998E-2;2.9408000000000004E-2;1.4703999999999995E-2;0;0;0;0;0;0;0;0;0;0;0;0;0;0;0;0;0;0;0;0;0;0;0;0;0;0;0;0;0;0;0
;Key\Industri\Gruvindustri\Tjockolja;Activity Level;Lokal miljöhänsyn;Sverige;TWh;;Interp;0;0.66588999999999998;0.66378999999999999;0.66169;0.65538799999999997;0.64908599999999994;0.64278400000000002;0.63648199999999999;0.63017999999999996;0.63017999999999996;0.63017999999999996;0.63017999999999996;0.63017999999999996;0.63017999999999996;0.63017999999999996;0.63017999999999996;0.63017999999999996;0.63017999999999996;0.63017999999999996;0.50414399999999993;0.37810799999999994;0.25207200000000002;0.12603599999999993;0;0;0;0;0;0;0;0;0;0;0;0;0;0;0;0
;Key\Industri\Gruvindustri\Naturgas;Activity Level;Lokal miljöhänsyn;Sverige;TWh;;Interp;0;0;0;0;0;0;0;0;0;0;0;0;0;0;0;0;0;0;0;0;0;0;0;0;0;0;0;0;0;0;0;0;0;0;0;0;0;0;0
;Key\Industri\Gruvindustri\El exkl elpannor;Activity Level;Lokal miljöhänsyn;Sverige;TWh;;Interp;0;3.89032;3.89032;3.89032;3.89032;3.89032;3.89032;3.89032;3.89032;3.89032;3.89032;3.89032;3.89032;3.89032;3.89032;3.89032;3.89032;3.89032;3.89032;3.89032;3.89032;3.89032;3.89032;3.89032;3.89032;3.89032;3.89032;3.89032;3.89032;3.89032;3.89032;3.89032;3.89032;3.89032;3.89032;3.89032;3.89032;3.89032;3.89032
;Key\Industri\Gruvindustri\El till elpannor;Activity Level;Lokal miljöhänsyn;Sverige;TWh;;Interp;0;0;0;0;0;0;0;0;0;0;0;0;0;0;0;0;0;0;0;0;0;0;0;0;0;0;0;0;0;0;0;0;0;0;0;0;0;0;0
;Key\Industri\Gruvindustri\Biokol;Activity Level;Lokal miljöhänsyn;Sverige;TWh;;Interp;0;0;0;0;0;0;0;0;0;1.3614000000000001E-2;2.7228000000000002E-2;4.0842000000000003E-2;5.4456000000000004E-2;6.8070000000000006E-2;0.30652799999999997;0.54498599999999997;0.78344399999999981;1.0219019999999999;1.2603599999999999;1.2603599999999999;1.2603599999999999;1.2603599999999999;1.2603599999999999;1.2603599999999999;1.2603599999999999;1.2603599999999999;1.2603599999999999;1.2603599999999999;1.2603599999999999;1.2603599999999999;1.2603599999999999;1.2603599999999999;1.2603599999999999;1.2603599999999999;1.2603599999999999;1.2603599999999999;1.2603599999999999;1.2603599999999999;1.2603599999999999
;Key\Industri\Gruvindustri\Biogas;Activity Level;Lokal miljöhänsyn;Sverige;TWh;;Interp;0;0;0;0;0;0;0;0;0;0;0;0;0;0;0;0;0;0;0;0;0;0;0;0;0;0;0;0;0;0;0;0;0;0;0;0;0;0;0
;Key\Industri\Gruvindustri\Biogasol;Activity Level;Lokal miljöhänsyn;Sverige;TWh;;Interp;0;0;0;0;0;0;0;0;0;0;0;0;0;0;0;0;0;0;0;0;0;0;0;0;0;0;0;0;0;0;0;0;0;0;0;0;0;0;0
;Key\Industri\Gruvindustri\Bioolja;Activity Level;Lokal miljöhänsyn;Sverige;TWh;;Interp;0;0;0;0;0;0;0;0;0;0;0;0;0;0;0;0;0;0;0;0.12603600000000001;0.25207200000000002;0.37810799999999994;0.50414400000000004;0.63017999999999996;0.63017999999999996;0.63017999999999996;0.63017999999999996;0.63017999999999996;0.63017999999999996;0.63017999999999996;0.63017999999999996;0.63017999999999996;0.63017999999999996;0.63017999999999996;0.63017999999999996;0.63017999999999996;0.63017999999999996;0.63017999999999996;0.63017999999999996
;Key\Industri\Gruvindustri\Vätgas;Activity Level;Lokal miljöhänsyn;Sverige;TWh;;Interp;0;0;0;0;0;0;0;0;0;0;0;0;0;0;0;0;0;0;0;0;0;0;0;0;0;0;0;0;0;0;0;0;0;0;0;0;0;0;0
;Key\Industri\Gruvindustri\Övriga bränslen;Activity Level;Lokal miljöhänsyn;Sverige;TWh;;Interp;0;0;0;0;0;0;0;0;0;0;0;0;0;0;0;0;0;0;0;0;0;0;0;0;0;0;0;0;0;0;0;0;0;0;0;0;0;0;0
;Key\Industri\Kemiindustri\Trädbränsle;Activity Level;Lokal miljöhänsyn;Sverige;TWh;;Interp;0;0.47380800000000001;0.49898399999999998;0.52415999999999996;0.54367999999999994;0.56319999999999992;0.58272000000000002;0.60224;0.62175999999999998;0.64476199999999995;0.66776400000000002;0.69076599999999999;0.71376800000000007;0.73677000000000004;0.59051600000000004;0.44426199999999999;0.298008;0.15175399999999994;5.4999999999999997E-3;4.3999999999999994E-3;3.2999999999999995E-3;2.2000000000000001E-3;1.0999999999999994E-3;0;0;0;0;0;0;0;0;0;0;0;0;0;0;0;0
;Key\Industri\Kemiindustri\Avlutar;Activity Level;Lokal miljöhänsyn;Sverige;TWh;;Interp;0;0;0;0;0;0;0;0;0;0;0;0;0;0;0;0;0;0;0;0;0;0;0;0;0;0;0;0;0;0;0;0;0;0;0;0;0;0;0
;Key\Industri\Kemiindustri\Torv;Activity Level;Lokal miljöhänsyn;Sverige;TWh;;Interp;0;0;0;0;0;0;0;0;0;0;0;0;0;0;0;0;0;0;0;0;0;0;0;0;0;0;0;0;0;0;0;0;0;0;0;0;0;0;0
;Key\Industri\Kemiindustri\Koks;Activity Level;Lokal miljöhänsyn;Sverige;TWh;;Interp;0;5.4138000000000006E-2;5.7724000000000004E-2;6.1310000000000003E-2;6.1034000000000005E-2;6.0758E-2;6.0482000000000001E-2;6.0205999999999996E-2;5.9929999999999997E-2;4.9903999999999997E-2;3.9877999999999997E-2;2.9852000000000004E-2;1.9825999999999996E-2;9.7999999999999997E-3;7.8399999999999997E-3;5.8799999999999998E-3;3.9199999999999999E-3;1.9599999999999999E-3;0;0;0;0;0;0;0;0;0;0;0;0;0;0;0;0;0;0;0;0;0
;Key\Industri\Kemiindustri\Koks och masugnsgas;Activity Level;Lokal miljöhänsyn;Sverige;TWh;;Interp;0;0;0;0;0;0;0;0;0;0;0;0;0;0;0;0;0;0;0;0;0;0;0;0;0;0;0;0;0;0;0;0;0;0;0;0;0;0;0
;Key\Industri\Kemiindustri\Kol;Activity Level;Lokal miljöhänsyn;Sverige;TWh;;Interp;0;0;0;0;0;0;0;0;0;0;0;0;0;0;0;0;0;0;0;0;0;0;0;0;0;0;0;0;0;0;0;0;0;0;0;0;0;0;0
;Key\Industri\Kemiindustri\Gasol;Activity Level;Lokal miljöhänsyn;Sverige;TWh;;Interp;0;0.33450400000000002;0.28414200000000001;0.23377999999999999;0.22023399999999999;0.20668799999999998;0.19314200000000001;0.17959600000000001;0.16605;0.13284000000000001;9.9629999999999996E-2;6.6420000000000007E-2;3.320999999999999E-2;0;0;0;0;0;0;0;0;0;0;0;0;0;0;0;0;0;0;0;0;0;0;0;0;0;0
;Key\Industri\Kemiindustri\Lättoljor;Activity Level;Lokal miljöhänsyn;Sverige;TWh;;Interp;0;0.127994;0.13167200000000001;0.13535;0.10828;8.1210000000000004E-2;5.4140000000000008E-2;2.7069999999999997E-2;0;0;0;0;0;0;0;0;0;0;0;0;0;0;0;0;0;0;0;0;0;0;0;0;0;0;0;0;0;0;0
;Key\Industri\Kemiindustri\Tjockolja;Activity Level;Lokal miljöhänsyn;Sverige;TWh;;Interp;0;0.17899599999999999;0.19100800000000001;0.20302000000000001;0.21223;0.22144;0.23065000000000002;0.23986000000000002;0.24907000000000001;0.21454600000000001;0.18002200000000002;0.14549800000000002;0.11097400000000002;7.6450000000000004E-2;6.1160000000000006E-2;4.5870000000000001E-2;3.0580000000000003E-2;1.5289999999999998E-2;0;0;0;0;0;0;0;0;0;0;0;0;0;0;0;0;0;0;0;0;0
;Key\Industri\Kemiindustri\Naturgas;Activity Level;Lokal miljöhänsyn;Sverige;TWh;;Interp;0;0.85238800000000003;0.93701400000000012;1.0216400000000001;1.0575000000000001;1.0933600000000001;1.1292199999999999;1.1650799999999999;1.2009399999999999;1.2430939999999999;1.2852479999999999;1.327402;1.369556;1.41171;1.45903;1.5063500000000001;1.5536699999999999;1.6009899999999999;1.6483099999999999;1.611156;1.5740019999999999;1.536848;1.4996939999999999;1.46254;1.4720340000000001;1.481528;1.4910220000000001;1.500516;1.5100100000000001;1.5110140000000001;1.5120180000000001;1.5130220000000001;1.5140260000000001;1.5150300000000001;1.4795860000000001;1.444142;1.408698;1.373254;1.3378099999999999
;Key\Industri\Kemiindustri\El exkl elpannor;Activity Level;Lokal miljöhänsyn;Sverige;TWh;;Interp;0;5.4028520000000002;5.5636060000000001;5.7243599999999999;5.7229039999999998;5.7214479999999996;5.7199920000000004;5.7185360000000003;5.7170800000000002;5.7037420000000001;5.690404;5.6770659999999999;5.6637279999999999;5.6503899999999998;5.7066460000000001;5.7629020000000004;5.8191579999999998;5.8754140000000001;5.9316700000000004;5.9821880000000007;6.0327060000000001;6.0832240000000004;6.1337419999999998;6.1842600000000001;6.2701859999999998;6.3561119999999995;6.4420380000000002;6.5279639999999999;6.6138899999999996;6.7055679999999995;6.7972459999999995;6.8889240000000003;6.9806020000000002;7.0722800000000001;7.1681540000000004;7.2640280000000006;7.3599019999999999;7.4557760000000002;7.5516500000000004
;Key\Industri\Kemiindustri\El till elpannor;Activity Level;Lokal miljöhänsyn;Sverige;TWh;;Interp;0;0.18940200000000001;0.20739600000000002;0.22539000000000001;0.186582;0.14777400000000002;0.10896600000000002;7.0157999999999998E-2;3.1350000000000003E-2;2.7588000000000001E-2;2.3826000000000003E-2;2.0064000000000005E-2;1.6302000000000004E-2;1.2540000000000001E-2;8.2429999999999989E-2;0.15231999999999998;0.22220999999999999;0.29209999999999997;0.36198999999999998;0.59571799999999997;0.82944599999999991;1.0631739999999998;1.296902;1.5306299999999999;1.5508739999999999;1.571118;1.5913619999999999;1.6116060000000001;1.63185;1.652752;1.673654;1.694556;1.7154579999999999;1.7363599999999999;1.7580199999999999;1.7796799999999999;1.8013399999999999;1.823;1.84466
;Key\Industri\Kemiindustri\Biokol;Activity Level;Lokal miljöhänsyn;Sverige;TWh;;Interp;0;0;0;0;0;0;0;0;0;0;0;0;0;0;0;0;0;0;0;0;0;0;0;0;0;0;0;0;0;0;0;0;0;0;0;0;0;0;0
;Key\Industri\Kemiindustri\Biogas;Activity Level;Lokal miljöhänsyn;Sverige;TWh;;Interp;0;3.0784000000000002E-2;3.2382000000000001E-2;3.3980000000000003E-2;0.27013600000000004;0.50629200000000008;0.74244800000000011;0.97860400000000014;1.2147600000000001;1.2258980000000002;1.237036;1.2481740000000001;1.259312;1.2704500000000001;1.2843500000000001;1.2982500000000001;1.3121499999999999;1.32605;1.33995;1.3262419999999999;1.3125339999999999;1.298826;1.285118;1.2714099999999999;1.272322;1.273234;1.274146;1.275058;1.27597;1.2862500000000001;1.29653;1.30681;1.3170899999999999;1.3273699999999999;1.374668;1.4219660000000001;1.4692639999999999;1.516562;1.56386
;Key\Industri\Kemiindustri\Biogasol;Activity Level;Lokal miljöhänsyn;Sverige;TWh;;Interp;0;0.14026799999999998;0.187024;0.23377999999999999;0.187024;0.140268;9.3512000000000012E-2;4.6755999999999992E-2;0;0;0;0;0;0;0;0;0;0;0;0;0;0;0;0;0;0;0;0;0;0;0;0;0;0;0;0;0;0;0
;Key\Industri\Kemiindustri\Bioolja;Activity Level;Lokal miljöhänsyn;Sverige;TWh;;Interp;0;0.36421999999999999;0.38599;0.40776000000000001;0.39262600000000003;0.37749199999999999;0.36235800000000001;0.34722399999999998;0.33209;0.34211999999999998;0.35215000000000002;0.36218;0.37221000000000004;0.38224000000000002;0.42255000000000004;0.46286000000000005;0.50317000000000001;0.54348000000000007;0.58379000000000003;0.52895599999999998;0.47412200000000004;0.41928799999999999;0.364454;0.30962000000000001;0.313274;0.31692799999999999;0.32058200000000003;0.32423600000000002;0.32789000000000001;0.33196799999999999;0.33604600000000001;0.34012399999999998;0.34420200000000001;0.34827999999999998;0.35259599999999997;0.35691200000000001;0.36122799999999999;0.36554400000000004;0.36986000000000002
;Key\Industri\Kemiindustri\Övriga bränslen processgaser;Activity Level;Lokal miljöhänsyn;Sverige;TWh;;Interp;0;5.1000899999999998;5.42075;5.7414100000000001;5.7663960000000003;5.7913820000000005;5.8163679999999998;5.8413539999999999;5.8663400000000001;5.8480360000000005;5.8297319999999999;5.8114280000000003;5.7931239999999997;5.7748200000000001;5.8700840000000003;5.9653480000000005;6.0606119999999999;6.1558760000000001;6.2511400000000004;6.1573580000000003;6.0635760000000003;5.9697940000000003;5.8760120000000002;5.7822300000000002;5.8165560000000003;5.8508820000000004;5.8852079999999996;5.9195339999999996;5.9538599999999997;5.9908419999999998;6.0278239999999998;6.0648059999999999;6.101788;6.1387700000000001;6.1775460000000004;6.2163219999999999;6.2550980000000003;6.2938739999999997;6.3326500000000001
;Key\Industri\Kemiindustri\Vätgas;Activity Level;Lokal miljöhänsyn;Sverige;TWh;;Interp;0;0;0;0;0.57964399999999994;1.1592879999999999;1.7389319999999999;2.3185759999999997;2.8982199999999998;2.9218859999999998;2.9455519999999997;2.9692180000000001;2.9928840000000001;3.0165500000000001;3.0165500000000001;3.0165500000000001;3.0165500000000001;3.0165500000000001;3.0165500000000001;3.0165500000000001;3.0165500000000001;3.0165500000000001;3.0165500000000001;3.0165500000000001;3.0165500000000001;3.0165500000000001;3.0165500000000001;3.0165500000000001;3.0165500000000001;3.0165500000000001;3.0165500000000001;3.0165500000000001;3.0165500000000001;3.0165500000000001;3.0165500000000001;3.0165500000000001;3.0165500000000001;3.0165500000000001;3.0165500000000001
;Key\Industri\Kemiindustri\El till elektrolys;Activity Level;Lokal miljöhänsyn;Sverige;TWh;;Interp;0;0;0;0;0.86673600000000006;1.7334720000000001;2.6002079999999999;3.4669440000000002;4.3336800000000002;4.379092;4.4245039999999998;4.4699160000000004;4.5153280000000002;4.56074;4.554856;4.548972;4.543088;4.537204;4.53132;4.5236280000000004;4.515936;4.5082440000000004;4.5005519999999999;4.4928600000000003;4.4853200000000006;4.4777800000000001;4.4702400000000004;4.4626999999999999;4.4551600000000002;4.4476180000000003;4.4400760000000004;4.4325339999999995;4.4249919999999996;4.4174499999999997;4.4099079999999997;4.4023659999999998;4.3948239999999998;4.3872819999999999;4.37974
;Key\Industri\Kemiindustri\CCS;Activity Level;Lokal miljöhänsyn;Sverige;kton CO2;;Interp;0;0;0;0;0;0;0;0;0;0;0;0;0;0;44.230000000000004;88.460000000000008;132.69;176.92000000000002;221.15;221.876;222.602;223.328;224.054;224.78;226.01400000000001;227.24799999999999;228.482;229.71599999999998;230.95;232.26599999999999;233.58199999999999;234.898;236.214;237.53;238.90799999999999;240.286;241.66399999999999;243.042;244.42
;Key\Industri\Cementindustri\Trädbränsle;Activity Level;Lokal miljöhänsyn;Sverige;TWh;;Interp;0;0.59301599999999999;0.60687799999999992;0.62073999999999996;0.64170399999999994;0.66266799999999992;0.68363200000000002;0.704596;0.72555999999999998;0.72555999999999998;0.72555999999999998;0.72555999999999998;0.72555999999999998;0.72555999999999998;0.69603999999999999;0.66652;0.63700000000000001;0.60748000000000002;0.57796000000000003;0.462368;0.34677599999999997;0.231184;0.11559199999999997;0;0;0;0;0;0;0;0;0;0;0;0;0;0;0;0
;Key\Industri\Cementindustri\Avlutar;Activity Level;Lokal miljöhänsyn;Sverige;TWh;;Interp;0;0;0;0;0;0;0;0;0;0;0;0;0;0;0;0;0;0;0;0;0;0;0;0;0;0;0;0;0;0;0;0;0;0;0;0;0;0;0
;Key\Industri\Cementindustri\Torv;Activity Level;Lokal miljöhänsyn;Sverige;TWh;;Interp;0;0;0;0;0;0;0;0;0;0;0;0;0;0;0;0;0;0;0;0;0;0;0;0;0;0;0;0;0;0;0;0;0;0;0;0;0;0;0
;Key\Industri\Cementindustri\Kol;Activity Level;Lokal miljöhänsyn;Sverige;TWh;;Interp;0;0.89293600000000006;0.94872800000000002;1.0045200000000001;1.0208300000000001;1.0371400000000002;1.05345;1.06976;1.0860700000000001;0.86885600000000007;0.65164200000000005;0.43442800000000004;0.21721400000000002;0;0.17414200000000002;0.34828400000000004;0.52242599999999995;0.69656800000000008;0.87070999999999998;0.87070400000000003;0.87069799999999997;0.87069200000000002;0.87068599999999996;0.87068000000000001;0.87068000000000001;0.87068000000000001;0.87068000000000001;0.87068000000000001;0.87068000000000001;0.87068000000000001;0.87068000000000001;0.87068000000000001;0.87068000000000001;0.87068000000000001;0.86112600000000006;0.851572;0.84201800000000004;0.83246399999999998;0.82291000000000003
;Key\Industri\Cementindustri\Koks;Activity Level;Lokal miljöhänsyn;Sverige;TWh;;Interp;0;0;0;0;0;0;0;0;0;0;0;0;0;0;0;0;0;0;0;0;0;0;0;0;0;0;0;0;0;0;0;0;0;0;0;0;0;0;0
;Key\Industri\Cementindustri\Koks och masugnsgas;Activity Level;Lokal miljöhänsyn;Sverige;TWh;;Interp;0;0;0;0;0;0;0;0;0;0;0;0;0;0;0;0;0;0;0;0;0;0;0;0;0;0;0;0;0;0;0;0;0;0;0;0;0;0;0
;Key\Industri\Cementindustri\Gasol;Activity Level;Lokal miljöhänsyn;Sverige;TWh;;Interp;0;6.3848000000000002E-2;4.6434000000000003E-2;2.9020000000000001E-2;2.3216000000000001E-2;1.7412E-2;1.1608E-2;5.8040000000000001E-3;0;0;0;0;0;0;0;0;0;0;0;0;0;0;0;0;0;0;0;0;0;0;0;0;0;0;0;0;0;0;0
;Key\Industri\Cementindustri\Lättoljor;Activity Level;Lokal miljöhänsyn;Sverige;TWh;;Interp;0;0;0;0;0;0;0;0;0;0;0;0;0;0;0;0;0;0;0;0;0;0;0;0;0;0;0;0;0;0;0;0;0;0;0;0;0;0;0
;Key\Industri\Cementindustri\Tjockolja;Activity Level;Lokal miljöhänsyn;Sverige;TWh;;Interp;0;0.161078;0.14221400000000001;0.12335;9.8680000000000004E-2;7.4009999999999992E-2;4.9340000000000009E-2;2.4669999999999997E-2;0;6.8199999999999999E-4;1.364E-3;2.0459999999999996E-3;2.728E-3;3.4099999999999998E-3;2.7299999999999998E-3;2.0499999999999997E-3;1.3700000000000001E-3;6.8999999999999964E-4;1.0000000000000001E-5;8.0000000000000013E-6;6.0000000000000002E-6;4.0000000000000007E-6;1.9999999999999995E-6;0;0;0;0;0;0;0;0;0;0;0;0;0;0;0;0
;Key\Industri\Cementindustri\Naturgas;Activity Level;Lokal miljöhänsyn;Sverige;TWh;;Interp;0;0.26120399999999999;0.232182;0.20316000000000001;0.20651800000000001;0.20987600000000001;0.21323400000000001;0.21659200000000001;0.21995000000000001;0.19795400000000002;0.175958;0.15396199999999999;0.131966;0.10997;8.7975999999999999E-2;6.5981999999999999E-2;4.3987999999999999E-2;2.1994E-2;0;0;0;0;0;0;0;0;0;0;0;0;0;0;0;0;0;0;0;0;0
;Key\Industri\Cementindustri\El exkl elpannor;Activity Level;Lokal miljöhänsyn;Sverige;TWh;;Interp;0;0.36081000000000002;0.36081000000000002;0.36081000000000002;0.37589600000000001;0.390982;0.40606800000000004;0.42115400000000003;0.43624000000000002;0.72842399999999996;1.020608;1.312792;1.604976;1.89716;2.0155620000000001;2.1339640000000002;2.2523659999999999;2.370768;2.4891700000000001;2.5878580000000002;2.6865460000000003;2.785234;2.8839220000000001;2.9826100000000002;2.9826100000000002;2.9826100000000002;2.9826100000000002;2.9826100000000002;2.9826100000000002;2.9826100000000002;2.9826100000000002;2.9826100000000002;2.9826100000000002;2.9826100000000002;2.9907440000000003;2.9988780000000004;3.007012;3.0151460000000001;3.0232800000000002
;Key\Industri\Cementindustri\El till elpannor;Activity Level;Lokal miljöhänsyn;Sverige;TWh;;Interp;0;0;0;0;0;0;0;0;0;0;0;0;0;0;0;0;0;0;0;0;0;0;0;0;0;0;0;0;0;0;0;0;0;0;0;0;0;0;0
;Key\Industri\Cementindustri\Biokol;Activity Level;Lokal miljöhänsyn;Sverige;TWh;;Interp;0;0;0;0;0;0;0;0;0;0;0;0;0;0;0;0;0;0;0;0;0;0;0;0;0;0;0;0;0;0;0;0;0;0;0;0;0;0;0
;Key\Industri\Cementindustri\Biogas;Activity Level;Lokal miljöhänsyn;Sverige;TWh;;Interp;0;0;0;0;0;0;0;0;0;0;0;0;0;0;0;0;0;0;0;0;0;0;0;0;0;0;0;0;0;0;0;0;0;0;0;0;0;0;0
;Key\Industri\Cementindustri\Biogasol;Activity Level;Lokal miljöhänsyn;Sverige;TWh;;Interp;0;1.7412E-2;2.3216000000000001E-2;2.9020000000000001E-2;2.3216000000000001E-2;1.7412E-2;1.1608E-2;5.8040000000000001E-3;0;0;0;0;0;0;0;0;0;0;0;0;0;0;0;0;0;0;0;0;0;0;0;0;0;0;0;0;0;0;0
;Key\Industri\Cementindustri\Bioolja;Activity Level;Lokal miljöhänsyn;Sverige;TWh;;Interp;0;4.2085999999999998E-2;3.1927999999999998E-2;2.1770000000000001E-2;1.7416000000000001E-2;1.3062000000000001E-2;8.7080000000000005E-3;4.3540000000000002E-3;0;0;0;0;0;0;0;0;0;0;0;0;0;0;0;0;0;0;0;0;0;0;0;0;0;0;0;0;0;0;0
;Key\Industri\Cementindustri\Vätgas;Activity Level;Lokal miljöhänsyn;Sverige;TWh;;Interp;0;0;0;0;0;0;0;0;0;0;0;0;0;0;0;0;0;0;0;0;0;0;0;0;0;0;0;0;0;0;0;0;0;0;0;0;0;0;0
;Key\Industri\Cementindustri\Övriga bränslen fossilt avfall mm;Activity Level;Lokal miljöhänsyn;Sverige;TWh;;Interp;0;0.87068000000000001;0.87068000000000001;0.87068000000000001;0.87068000000000001;0.87068000000000001;0.87068000000000001;0.87068000000000001;0.87068000000000001;0.87068000000000001;0.87068000000000001;0.87068000000000001;0.87068000000000001;0.87068000000000001;0.87068000000000001;0.87068000000000001;0.87068000000000001;0.87068000000000001;0.87068000000000001;0.87068000000000001;0.87068000000000001;0.87068000000000001;0.87068000000000001;0.87068000000000001;0.87068000000000001;0.87068000000000001;0.87068000000000001;0.87068000000000001;0.87068000000000001;0.87068000000000001;0.87068000000000001;0.87068000000000001;0.87068000000000001;0.87068000000000001;0.86112600000000006;0.851572;0.84201800000000004;0.83246399999999998;0.82291000000000003
;Key\Industri\Cementindustri\CCS;Activity Level;Lokal miljöhänsyn;Sverige;kton CO2;;Interp;0;0;0;0;16;32;48;64;80;367;654;941;1228;1515;1505.6;1496.2;1486.8;1477.4;1468;1418.2;1368.4;1318.6;1268.8;1219;1219;1219;1219;1219;1219;1219;1219;1219;1219;1219;1205.8;1192.5999999999999;1179.4000000000001;1166.2;1153
;Key\Industri\Övrig industri\Trädbränsle;Activity Level;Lokal miljöhänsyn;Sverige;TWh;;Interp;0;4.1188839999999995;4.0554220000000001;3.9919600000000002;3.962304;3.9326479999999999;3.9029920000000002;3.8733360000000001;3.84368;3.60209;3.3605;3.1189100000000001;2.8773200000000001;2.6357300000000001;2.148622;1.6615139999999999;1.1744060000000001;0.68729799999999996;0.20019000000000001;0.16015200000000002;0.120114;8.0076000000000008E-2;4.003799999999999E-2;0;0;0;0;0;0;0;0;0;0;0;0;0;0;0;0
;Key\Industri\Övrig industri\Avlutar;Activity Level;Lokal miljöhänsyn;Sverige;TWh;;Interp;0;0;0;0;0;0;0;0;0;0;0;0;0;0;0;0;0;0;0;0;0;0;0;0;0;0;0;0;0;0;0;0;0;0;0;0;0;0;0
;Key\Industri\Övrig industri\Torv;Activity Level;Lokal miljöhänsyn;Sverige;TWh;;Interp;0;0;0;0;0;0;0;0;0;0;0;0;0;0;0;0;0;0;0;0;0;0;0;0;0;0;0;0;0;0;0;0;0;0;0;0;0;0;0
;Key\Industri\Övrig industri\Kol;Activity Level;Lokal miljöhänsyn;Sverige;TWh;;Interp;0;0.79379999999999995;0.70799999999999996;0.62219999999999998;0.64339000000000002;0.66457999999999995;0.68576999999999999;0.70696000000000003;0.72814999999999996;0.67166199999999998;0.615174;0.55868600000000002;0.50219799999999992;0.44571;0.356568;0.267426;0.178284;8.9141999999999999E-2;0;0;0;0;0;0;0;0;0;0;0;0;0;0;0;0;0;0;0;0;0
;Key\Industri\Övrig industri\Koks;Activity Level;Lokal miljöhänsyn;Sverige;TWh;;Interp;0;0;0;0;0;0;0;0;0;0;0;0;0;0;0;0;0;0;0;0;0;0;0;0;0;0;0;0;0;0;0;0;0;0;0;0;0;0;0
;Key\Industri\Övrig industri\Koks och masugnsgas;Activity Level;Lokal miljöhänsyn;Sverige;TWh;;Interp;0;0;0;0;0;0;0;0;0;0;0;0;0;0;0;0;0;0;0;0;0;0;0;0;0;0;0;0;0;0;0;0;0;0;0;0;0;0;0
;Key\Industri\Övrig industri\Gasol;Activity Level;Lokal miljöhänsyn;Sverige;TWh;;Interp;0;0.58508399999999994;0.45333199999999996;0.32157999999999998;0.29337199999999997;0.26516399999999996;0.236956;0.20874799999999999;0.18054000000000001;0.26941399999999999;0.358288;0.44716199999999995;0.53603599999999996;0.62490999999999997;0.617892;0.61087400000000003;0.60385599999999995;0.59683799999999998;0.58982000000000001;0.471856;0.35389199999999998;0.23592800000000003;0.11796399999999996;0;0;0;0;0;0;1.4920000000000001E-2;2.9840000000000002E-2;4.4760000000000001E-2;5.9680000000000004E-2;7.46E-2;9.5621999999999999E-2;0.116644;0.13766600000000001;0.158688;0.17971000000000001
;Key\Industri\Övrig industri\Lättoljor;Activity Level;Lokal miljöhänsyn;Sverige;TWh;;Interp;0;0.73238000000000003;0.79496;0.85753999999999997;0.86656999999999995;0.87559999999999993;0.88463000000000003;0.89366000000000001;0.90268999999999999;0.81142599999999998;0.72016199999999997;0.62889799999999996;0.53763399999999995;0.44636999999999999;0.44135599999999997;0.43634200000000001;0.43132799999999999;0.42631400000000003;0.42130000000000001;0.33704000000000001;0.25278;0.16852;8.4260000000000002E-2;0;0;0;0;0;0;0;0;0;0;0;0;0;0;0;0
;Key\Industri\Övrig industri\Tjockolja;Activity Level;Lokal miljöhänsyn;Sverige;TWh;;Interp;0;0.82091400000000003;0.81603199999999998;0.81115000000000004;0.82415000000000005;0.83715000000000006;0.85014999999999996;0.86314999999999997;0.87614999999999998;0.87175800000000003;0.86736599999999997;0.86297400000000002;0.85858199999999996;0.85419;0.84150000000000003;0.82881000000000005;0.81611999999999996;0.80342999999999998;0.79074;0.63259200000000004;0.47444399999999998;0.31629600000000002;0.15814799999999996;0;0;0;0;0;0;0;0;0;0;0;0;0;0;0;0
;Key\Industri\Övrig industri\Naturgas;Activity Level;Lokal miljöhänsyn;Sverige;TWh;;Interp;0;1.08691;1.05691;1.02691;1.008024;0.98913799999999996;0.970252;0.95136599999999993;0.93247999999999998;0.895984;0.85948800000000003;0.82299199999999995;0.78649599999999997;0.75;0.71666200000000002;0.68332400000000004;0.64998599999999995;0.61664799999999997;0.58331;0.55332000000000003;0.52332999999999996;0.49334;0.46335000000000004;0.43336000000000002;0.40668799999999999;0.38001600000000002;0.35334399999999999;0.32667199999999996;0.3;0.27510000000000001;0.25019999999999998;0.2253;0.20039999999999997;0.17549999999999999;0.1404;0.10529999999999999;7.0199999999999999E-2;3.5099999999999992E-2;0
;Key\Industri\Övrig industri\El exkl elpannor;Activity Level;Lokal miljöhänsyn;Sverige;TWh;;Interp;0;14.39841;14.412799999999999;14.42719;14.797542;15.167893999999999;15.538245999999999;15.908597999999998;16.278949999999998;16.168779999999998;16.058609999999998;15.94844;15.83827;15.7281;15.831942;15.935784;16.039625999999998;16.143467999999999;16.247309999999999;16.355091999999999;16.462873999999999;16.570656;16.678438;16.78622;16.930508;17.074795999999999;17.219084000000002;17.363372000000002;17.507660000000001;17.654166;17.800671999999999;17.947178000000001;18.093684;18.240189999999998;18.37886;18.517530000000001;18.656199999999998;18.79487;18.933540000000001
;Key\Industri\Övrig industri\El till elpannor;Activity Level;Lokal miljöhänsyn;Sverige;TWh;;Interp;0;0.79853200000000002;0.95944600000000002;1.12036;0.96842600000000001;0.816492;0.66455799999999998;0.51262399999999997;0.36069000000000001;0.56685200000000002;0.77301400000000009;0.97917600000000005;1.185338;1.3915;1.75543;2.1193599999999999;2.4832900000000002;2.8472200000000001;3.2111499999999999;3.3040159999999998;3.3968819999999997;3.4897480000000001;3.582614;3.6754799999999999;3.68899;3.7025000000000001;3.7160099999999998;3.7295199999999999;3.7430300000000001;3.7927020000000002;3.842374;3.8920460000000001;3.9417179999999998;3.99139;3.998678;4.0059659999999999;4.0132539999999999;4.0205419999999998;4.0278299999999998
;Key\Industri\Övrig industri\Biokol;Activity Level;Lokal miljöhänsyn;Sverige;TWh;;Interp;0;0;0;0;0;0;0;0;0;0;0;0;0;0;0;0;0;0;0;0;0;0;0;0;0;0;0;0;0;0;0;0;0;0;0;0;0;0;0
;Key\Industri\Övrig industri\Biogas;Activity Level;Lokal miljöhänsyn;Sverige;TWh;;Interp;0;0;0;0;0;0;0;0;0;0;0;0;0;0;0;0;0;0;0;0;0;0;0;0;0;0;0;0;0;1.5640000000000003E-3;3.1280000000000006E-3;4.692E-3;6.2560000000000011E-3;7.8200000000000006E-3;2.2915999999999999E-2;3.8011999999999997E-2;5.3107999999999995E-2;6.8203999999999987E-2;8.3299999999999999E-2
;Key\Industri\Övrig industri\Biogasol;Activity Level;Lokal miljöhänsyn;Sverige;TWh;;Interp;0;2.1929479999999999;1.2572639999999997;0.32157999999999998;0.25726399999999999;0.19294799999999998;0.128632;6.4315999999999984E-2;0;0;0;0;0;0;0;0;0;0;0;3.1657999999999999E-2;6.3315999999999997E-2;9.4973999999999989E-2;0.12663199999999999;0.15828999999999999;0.159716;0.16114200000000001;0.16256799999999999;0.163994;0.16542000000000001;0.15191200000000002;0.138404;0.12489600000000001;0.11138799999999999;9.7879999999999995E-2;7.8303999999999999E-2;5.8727999999999995E-2;3.9151999999999999E-2;1.9575999999999996E-2;0
;Key\Industri\Övrig industri\Bioolja;Activity Level;Lokal miljöhänsyn;Sverige;TWh;;Interp;0;0.555894;0.50483199999999995;0.45377000000000001;0.48963000000000001;0.52549000000000001;0.56135000000000002;0.59721000000000002;0.63307000000000002;0.62597199999999997;0.61887400000000004;0.61177599999999999;0.60467800000000005;0.59758;0.78493599999999997;0.97229199999999993;1.1596479999999998;1.3470040000000001;1.5343599999999999;1.818308;2.1022560000000001;2.3862039999999998;2.6701519999999999;2.9540999999999999;3.017204;3.080308;3.1434120000000001;3.2065160000000001;3.2696200000000002;2.9648940000000001;2.6601680000000001;2.355442;2.050716;1.7459899999999999;1.741436;1.736882;1.7323279999999999;1.7277739999999999;1.72322
;Key\Industri\Övrig industri\Vätgas;Activity Level;Lokal miljöhänsyn;Sverige;TWh;;Interp;0;0;0;0;0;0;0;0;0;0;0;0;0;0;0;0;0;0;0;0;0;0;0;0;0;0;0;0;0;0;0;0;0;0;0;0;0;0;0
;Key\Industri\Övrig industri\Övriga bränslen;Activity Level;Lokal miljöhänsyn;Sverige;TWh;;Interp;0;0;0;0;0;0;0;0;0;0;0;0;0;0;0;0;0;0;0;0;0;0;0;0;0;0;0;0;0;0;0;0;0;0;0;0;0;0;0
;Key\Industri\Oljeraffinaderi\Trädbränsle;Activity Level;Lokal miljöhänsyn;Sverige;TWh;;Interp;0;0;0;0;0;0;0;0;0;0.25473600000000002;0.50947200000000004;0.76420799999999989;1.0189440000000001;1.2736799999999999;1.109694;0.94570799999999999;0.78172200000000003;0.61773599999999995;0.45374999999999999;0.36299999999999999;0.27224999999999999;0.18149999999999999;9.0749999999999997E-2;0;0;0;0;0;0;0;0;0;0;0;0;0;0;0;0
;Key\Industri\Oljeraffinaderi\Avlutar;Activity Level;Lokal miljöhänsyn;Sverige;TWh;;Interp;0;0;0;0;0;0;0;0;0;0;0;0;0;0;0;0;0;0;0;0;0;0;0;0;0;0;0;0;0;0;0;0;0;0;0;0;0;0;0
;Key\Industri\Oljeraffinaderi\Torv;Activity Level;Lokal miljöhänsyn;Sverige;TWh;;Interp;0;0;0;0;0;0;0;0;0;0;0;0;0;0;0;0;0;0;0;0;0;0;0;0;0;0;0;0;0;0;0;0;0;0;0;0;0;0;0
;Key\Industri\Oljeraffinaderi\Kol;Activity Level;Lokal miljöhänsyn;Sverige;TWh;;Interp;0;0;0;0;0;0;0;0;0;0;0;0;0;0;0;0;0;0;0;0;0;0;0;0;0;0;0;0;0;0;0;0;0;0;0;0;0;0;0
;Key\Industri\Oljeraffinaderi\Koks;Activity Level;Lokal miljöhänsyn;Sverige;TWh;;Interp;0;0;0;0;0;0;0;0;0;0;0;0;0;0;0;0;0;0;0;0;0;0;0;0;0;0;0;0;0;0;0;0;0;0;0;0;0;0;0
;Key\Industri\Oljeraffinaderi\Koks och masugnsgas;Activity Level;Lokal miljöhänsyn;Sverige;TWh;;Interp;0;0;0;0;0;0;0;0;0;0;0;0;0;0;0;0;0;0;0;0;0;0;0;0;0;0;0;0;0;0;0;0;0;0;0;0;0;0;0
;Key\Industri\Oljeraffinaderi\Gasol;Activity Level;Lokal miljöhänsyn;Sverige;TWh;;Interp;0;11.96509;11.82756;11.69003;11.483734;11.277438;11.071142;10.864846;10.65855;10.452256;10.245962;10.039667999999999;9.8333739999999992;9.6270799999999994;8.6643720000000002;7.7016639999999992;6.7389559999999999;5.7762479999999989;4.8135399999999997;3.8508319999999996;2.8881239999999995;1.9254159999999998;0.96270799999999968;0;0;0;0;0;0;0;0;0;0;0;0;0;0;0;0
;Key\Industri\Oljeraffinaderi\Lättoljor;Activity Level;Lokal miljöhänsyn;Sverige;TWh;;Interp;0;0;0;0;0;0;0;0;0;0;0;0;0;0;0;0;0;0;0;0;0;0;0;0;0;0;0;0;0;0;0;0;0;0;0;0;0;0;0
;Key\Industri\Oljeraffinaderi\Tjockolja;Activity Level;Lokal miljöhänsyn;Sverige;TWh;;Interp;0;0.73941599999999996;0.73091799999999996;0.72241999999999995;0.70966999999999991;0.69691999999999998;0.68416999999999994;0.67142000000000002;0.65866999999999998;0.645922;0.63317400000000001;0.62042599999999992;0.60767799999999994;0.59492999999999996;0.53543799999999997;0.47594599999999998;0.41645399999999999;0.356962;0.29747000000000001;0.23797600000000002;0.178482;0.11898800000000001;5.9493999999999991E-2;0;0;0;0;0;0;0;0;0;0;0;0;0;0;0;0
;Key\Industri\Oljeraffinaderi\Naturgas;Activity Level;Lokal miljöhänsyn;Sverige;TWh;;Interp;0;0.73941599999999996;0.73091799999999996;0.72241999999999995;0.70966999999999991;0.69691999999999998;0.68416999999999994;0.67142000000000002;0.65866999999999998;0.645922;0.63317400000000001;0.62042599999999992;0.60767799999999994;0.59492999999999996;0.53543799999999997;0.47594599999999998;0.41645399999999999;0.356962;0.29747000000000001;0.23797600000000002;0.178482;0.11898800000000001;5.9493999999999991E-2;0;0;0;0;0;0;0;0;0;0;0;0;0;0;0;0
;Key\Industri\Oljeraffinaderi\El exkl elpannor;Activity Level;Lokal miljöhänsyn;Sverige;TWh;;Interp;0;0.89980400000000005;0.88946199999999997;0.87912000000000001;0.86360599999999998;0.84809199999999996;0.83257800000000004;0.81706400000000001;0.80154999999999998;0.82636999999999994;0.85119;0.87600999999999996;0.90083000000000002;0.92564999999999997;0.86333399999999993;0.80101800000000001;0.73870199999999997;0.67638599999999993;0.61407;0.49125600000000003;0.36844199999999999;0.24562800000000001;0.12281399999999998;0;0;0;0;0;0;0;0;0;0;0;0;0;0;0;0
;Key\Industri\Oljeraffinaderi\El till elpannor;Activity Level;Lokal miljöhänsyn;Sverige;TWh;;Interp;0;0;0;0;0;0;0;0;0;0;0;0;0;0;0.22767200000000001;0.45534400000000003;0.68301599999999996;0.91068800000000005;1.13836;0.91068800000000005;0.68301600000000007;0.45534400000000008;0.22767199999999999;0;0;0;0;0;0;0;0;0;0;0;0;0;0;0;0
;Key\Industri\Oljeraffinaderi\Biokol;Activity Level;Lokal miljöhänsyn;Sverige;TWh;;Interp;0;0;0;0;0;0;0;0;0;0;0;0;0;0;0;0;0;0;0;0;0;0;0;0;0;0;0;0;0;0;0;0;0;0;0;0;0;0;0
;Key\Industri\Oljeraffinaderi\Biogas;Activity Level;Lokal miljöhänsyn;Sverige;TWh;;Interp;0;0;0;0;0;0;0;0;0;0;0;0;0;0;0;0;0;0;0;0;0;0;0;0;0;0;0;0;0;0;0;0;0;0;0;0;0;0;0
;Key\Industri\Oljeraffinaderi\Biogasol;Activity Level;Lokal miljöhänsyn;Sverige;TWh;;Interp;0;0;0;0;0;0;0;0;0;0;0;0;0;0;0;0;0;0;0;0;0;0;0;0;0;0;0;0;0;0;0;0;0;0;0;0;0;0;0
;Key\Industri\Oljeraffinaderi\Bioolja;Activity Level;Lokal miljöhänsyn;Sverige;TWh;;Interp;0;0;0;0;0;0;0;0;0;0;0;0;0;0;0;0;0;0;0;0;0;0;0;0;0;0;0;0;0;0;0;0;0;0;0;0;0;0;0
;Key\Industri\Oljeraffinaderi\Vätgas;Activity Level;Lokal miljöhänsyn;Sverige;TWh;;Interp;0;0;0;0;0;0;0;0;0;0;0;0;0;0;0;0;0;0;0;0;0;0;0;0;0;0;0;0;0;0;0;0;0;0;0;0;0;0;0
;Key\Industri\Oljeraffinaderi\Övriga bränslen;Activity Level;Lokal miljöhänsyn;Sverige;TWh;;Interp;0;0;0;0;0;0;0;0;0;0;0;0;0;0;0;0;0;0;0;0;0;0;0;0;0;0;0;0;0;0;0;0;0;0;0;0;0;0;0
;Key\Industri\Oljeraffinaderi\CCS;Activity Level;Lokal miljöhänsyn;Sverige;kton CO2;;Interp;0;0;0;0;0;0;0;0;0;181.5;363;544.5;726;907.5;952.87599999999998;998.25200000000007;1043.6280000000002;1089.0040000000001;1134.3800000000001;907.50400000000013;680.62800000000004;453.75200000000007;226.87599999999998;0;0;0;0;0;0;0;0;0;0;0;0;0;0;0;0
